District,School_Number,SCHOOL_NAME,Grade,Female (w),Male (w),Female (b),Male (b),Female (h),Male (h),Female (a),Male (a),Female (pi),Male (pi),Female (na),Male (na),Female (2+),Male (2+),Female (tot),Male (tot),Total
ALACHUA,52,A.QUINN JONES/EXCEP.STUDENT CENTER,12,*,*,*,*,*,*,*,*,*,*,*,*,*,*,*,*,*
ALACHUA,81,SIDNEY LANIER CENTER,12,*,*,*,*,*,*,*,*,*,*,*,*,*,*,*,*,*
ALACHUA,151,GAINESVILLE HIGH SCHOOL,12,109,74,69,51,20,14,8,7,,,,,17,9,223,155,378
ALACHUA,201,HAWTHORNE MIDDLE/HIGH SCHOOL,12,16,11,7,8,,,,,,,,,,,23,19,42
ALACHUA,261,NEWBERRY HIGH SCHOOL,12,42,37,9,7,7,6,,1,,,1,,4,1,63,52,115
ALACHUA,271,SANTA FE HIGH SCHOOL,12,99,73,22,16,6,14,1,1,,,,,3,4,131,108,239
ALACHUA,411,PROFESSIONAL ACADEMY MAGNET AT LOFTEN HIGH SCHOOL,12,8,9,10,4,,3,,,1,,,,,,19,16,35
ALACHUA,421,EASTSIDE HIGH SCHOOL,11,*,*,*,*,*,*,*,*,*,*,*,*,*,*,*,*,*
ALACHUA,421,EASTSIDE HIGH SCHOOL,12,45,37,66,65,8,5,19,9,,,,,4,5,142,121,263
ALACHUA,431,F. W. BUCHHOLZ HIGH SCHOOL,12,128,133,38,40,22,17,12,19,,,,,20,8,220,217,437
ALACHUA,991,SIATECH GAINESVILLE,12,3,4,2,6,,2,,,,,,,1,,6,12,18
ALACHUA,1003,ALACHUA MYCROSCHOOL OF INTEGRATED ACADEMICS AND TECHNOLOGIES (MYCROSCHOOL GAINESVILLE),11,*,*,*,*,*,*,*,*,*,*,*,*,*,*,*,*,*
ALACHUA,1003,ALACHUA MYCROSCHOOL OF INTEGRATED ACADEMICS AND TECHNOLOGIES (MYCROSCHOOL GAINESVILLE),12,5,9,17,15,2,2,,,,,,,1,3,25,29,54
ALACHUA,7004,ALACHUA ESCHOOL (VIRTUAL FRANCHISE),12,3,7,3,,,,,,,,1,,,,7,7,14
BAKER,12,BAKER COUNTY SENIOR HIGH SCHOOL,12,108,106,18,15,2,3,1,,,,,,6,3,135,127,262
BAY,61,BAY HIGH SCHOOL,12,105,76,40,19,13,6,2,6,,,,,4,7,164,114,278
BAY,341,RUTHERFORD HIGH SCHOOL,12,65,60,27,20,6,2,8,7,,1,2,1,9,4,117,95,212
BAY,491,A. CRAWFORD MOSLEY HIGH SCHOOL,12,150,127,16,13,11,4,1,2,,,,,7,5,185,151,336
BAY,531,NEW HORIZONS LEARNING CENTER,12,*,*,*,*,*,*,*,*,*,*,*,*,*,*,*,*,*
BAY,541,DEANE BOZEMAN SCHOOL,12,39,44,,,1,,,,,,,,,1,40,45,85
BAY,551,J.R. ARNOLD HIGH SCHOOL,12,120,128,3,9,9,6,5,3,,,,1,4,4,141,151,292
BAY,581,ROSENWALD HIGH SCHOOL,12,12,12,14,8,,2,,,,,,,,2,26,24,50
BAY,604,PANAMA CITY MARINE INSTITUTE,12,*,*,*,*,*,*,*,*,*,*,*,*,*,*,*,*,*
BAY,741,NORTH BAY HAVEN CAREER ACADEMY,12,50,45,7,5,3,1,3,3,,,1,,,1,64,55,119
BAY,771,NEWPOINT BAY CHARTER HIGH SCHOOL,12,4,5,1,1,1,3,,,,,1,,,,7,9,16
BAY,7001,BAY VIRTUAL INSTRUCTION PROGRAM,12,*,*,*,*,*,*,*,*,*,*,*,*,*,*,*,*,*
BAY,7004,BAY VIRTUAL FRANCHISE,12,7,9,,,,,,,,,,,,1,7,10,17
BAY,7006,BAY VIRTUAL INSTRUCTION (COURSE OFFERINGS),12,*,*,*,*,*,*,*,*,*,*,*,*,*,*,*,*,*
BRADFORD,21,BRADFORD HIGH SCHOOL,12,51,56,22,12,2,2,,1,,,,,1,4,76,75,151
BRADFORD,201,BRADFORD INTERVENTION CENTER,11,*,*,*,*,*,*,*,*,*,*,*,*,*,*,*,*,*
BREVARD,11,TITUSVILLE HIGH SCHOOL,12,95,106,23,14,15,20,5,3,,,1,1,15,5,154,149,303
BREVARD,89,FIELDSTON PREPARATORY SCHOOL,12,*,*,*,*,*,*,*,*,*,*,*,*,*,*,*,*,*
BREVARD,161,ASTRONAUT HIGH SCHOOL,12,106,74,16,13,12,9,1,1,,,1,1,9,8,145,106,251
BREVARD,302,SPACE COAST JUNIOR/SENIOR HIGH SCHOOL,11,*,*,*,*,*,*,*,*,*,*,*,*,*,*,*,*,*
BREVARD,302,SPACE COAST JUNIOR/SENIOR HIGH SCHOOL,12,86,77,6,5,9,10,,1,,,1,,10,5,112,98,210
BREVARD,1011,ROCKLEDGE SENIOR HIGH SCHOOL,12,71,96,38,24,18,10,6,,,,,1,11,9,144,140,284
BREVARD,1018,SOUTH AREA ALTERNATIVE LEARNING CENTER,12,*,*,*,*,*,*,*,*,*,*,*,*,*,*,*,*,*
BREVARD,1026,FRANCES WALKER HALFWAY HOUSE,12,*,*,*,*,*,*,*,*,*,*,*,*,*,*,*,*,*
BREVARD,1029,RIVERDALE COUNTRY DAY SCHOOL,12,*,*,*,*,*,*,*,*,*,*,*,*,*,*,*,*,*
BREVARD,1073,PROJECT SEARCH,12,7,12,3,2,2,2,,,,,,,,,12,16,28
BREVARD,1121,COCOA HIGH SCHOOL,11,*,*,*,*,*,*,*,*,*,*,*,*,*,*,*,*,*
BREVARD,1121,COCOA HIGH SCHOOL,12,28,47,26,33,13,11,,1,,,,,8,7,75,99,174
BREVARD,1171,VIERA HIGH SCHOOL,12,191,191,8,8,36,29,5,1,,,,,11,23,251,252,503
BREVARD,2011,MELBOURNE SENIOR HIGH SCHOOL,10,*,*,*,*,*,*,*,*,*,*,*,*,*,*,*,*,*
BREVARD,2011,MELBOURNE SENIOR HIGH SCHOOL,11,*,*,*,*,*,*,*,*,*,*,*,*,*,*,*,*,*
BREVARD,2011,MELBOURNE SENIOR HIGH SCHOOL,12,162,140,17,16,30,33,11,9,1,,,,7,14,228,212,440
BREVARD,2021,PALM BAY MAGNET SENIOR HIGH SCHOOL,11,1,6,2,,3,1,1,,,,,,1,2,8,9,17
BREVARD,2021,PALM BAY MAGNET SENIOR HIGH SCHOOL,12,76,74,35,34,25,18,3,4,,,,2,15,10,154,142,296
BREVARD,2211,BAYSIDE HIGH SCHOOL,11,1,5,,2,,2,,,,,,,,,1,9,10
BREVARD,2211,BAYSIDE HIGH SCHOOL,12,109,98,41,36,18,28,1,1,1,,,1,7,9,177,173,350
BREVARD,2311,HERITAGE HIGH SCHOOL,10,*,*,*,*,*,*,*,*,*,*,*,*,*,*,*,*,*
BREVARD,2311,HERITAGE HIGH SCHOOL,11,*,*,*,*,*,*,*,*,*,*,*,*,*,*,*,*,*
BREVARD,2311,HERITAGE HIGH SCHOOL,12,76,71,41,58,43,41,4,3,,,1,,10,11,175,184,359
BREVARD,3011,EAU GALLIE HIGH SCHOOL,12,97,113,10,10,20,29,4,5,,,1,1,19,7,151,165,316
BREVARD,3141,WESTSHORE JUNIOR/SENIOR HIGH SCHOOL,12,67,43,3,,8,4,6,8,,,,,3,1,87,56,143
BREVARD,4011,MERRITT ISLAND HIGH SCHOOL,12,150,159,7,14,30,14,5,5,2,1,1,1,16,9,211,203,414
BREVARD,4021,EDGEWOOD JR/SR HIGH SCHOOL,12,54,52,4,1,5,11,6,,,,,,2,2,71,66,137
BREVARD,5011,COCOA BEACH JUNIOR/SENIOR HIGH SCHOOL,12,67,66,1,1,13,7,4,3,,,,,6,4,91,81,172
BREVARD,6011,SATELLITE SENIOR HIGH SCHOOL,12,107,116,2,2,13,14,,2,,,,,4,14,126,148,274
BREVARD,7004,BREVARD VIRTUAL FRANCHISE,12,*,*,*,*,*,*,*,*,*,*,*,*,*,*,*,*,*
BROWARD,171,SOUTH BROWARD HIGH SCHOOL,12,53,56,53,46,77,75,4,2,1,,1,1,6,7,195,187,382
BROWARD,185,POMPANO BEACH HIGH SCHOOL,12,77,67,37,25,36,25,8,4,,,1,,5,1,164,122,286
BROWARD,211,STRANAHAN HIGH SCHOOL,12,7,15,105,78,29,20,6,1,,,,,2,1,149,115,264
BROWARD,241,MCARTHUR HIGH SCHOOL,12,51,39,67,64,122,117,12,6,1,,,2,3,2,256,230,486
BROWARD,361,BLANCHE ELY HIGH SCHOOL,12,7,6,196,143,18,12,2,2,,,1,,1,2,225,165,390
BROWARD,371,DILLARD  6-12,12,6,6,150,141,11,5,1,1,1,,,,4,2,173,155,328
BROWARD,403,HALLANDALE HIGH SCHOOL,12,6,6,84,77,20,14,,1,,,1,,2,,113,98,211
BROWARD,452,WHIDDON RODGERS EDUCATION CENTER,12,2,5,46,55,3,8,,,,,,,,1,51,69,120
BROWARD,592,HALLANDALE ADULT/COMMUNITY CENTER,12,5,6,19,23,9,14,,1,,,,,1,1,34,45,79
BROWARD,601,SEAGULL SCHOOL,12,1,,7,8,2,2,,,,,,,,,10,10,20
BROWARD,951,FORT LAUDERDALE HIGH SCHOOL,12,56,45,152,83,31,31,6,6,,,1,,5,2,251,167,418
BROWARD,1151,CORAL SPRINGS HIGH SCHOOL,11,*,*,*,*,*,*,*,*,*,*,*,*,*,*,*,*,*
BROWARD,1151,CORAL SPRINGS HIGH SCHOOL,12,72,74,87,114,69,66,17,16,,1,3,1,10,10,258,282,540
BROWARD,1241,NORTHEAST HIGH SCHOOL,12,39,28,86,70,64,53,2,4,,2,,3,4,5,195,165,360
BROWARD,1281,NOVA HIGH SCHOOL,12,69,56,129,95,43,52,10,14,,,1,1,2,4,254,222,476
BROWARD,1291,WILLIAM T. MCFATTER TECHNICAL COLLEGE,12,16,19,13,7,30,37,5,7,,,,,4,1,68,71,139
BROWARD,1451,PLANTATION HIGH SCHOOL,12,35,33,140,139,19,34,2,12,1,,2,,3,6,202,224,426
BROWARD,1661,HOLLYWOOD HILLS HIGH SCHOOL,12,64,55,34,34,60,44,4,8,,1,1,,4,4,167,146,313
BROWARD,1681,COCONUT CREEK HIGH SCHOOL,12,3,5,79,65,6,14,4,4,,,,,4,,96,88,184
BROWARD,1711,DEERFIELD BEACH HIGH SCHOOL,12,40,51,102,122,63,61,13,11,,,1,,9,2,228,247,475
BROWARD,1741,BOYD H. ANDERSON HIGH SCHOOL,12,2,3,169,141,8,4,2,1,,1,1,,2,1,184,151,335
BROWARD,1751,MIRAMAR HIGH SCHOOL,12,7,11,219,193,21,34,11,12,,1,,,2,1,260,252,512
BROWARD,1752,WHISPERING PINES SCHOOL,12,*,*,*,*,*,*,*,*,*,*,*,*,*,*,*,*,*
BROWARD,1901,PIPER HIGH SCHOOL,12,43,47,126,157,48,33,3,8,,,1,,8,2,229,247,476
BROWARD,1931,COOPER CITY HIGH SCHOOL,12,133,135,16,16,82,65,12,14,,,2,1,6,6,251,237,488
BROWARD,2221,ATLANTIC TECHNICAL COLLEGE,12,11,19,26,15,25,27,3,5,1,,,,1,1,67,67,134
BROWARD,2351,SOUTH PLANTATION HIGH SCHOOL,12,66,59,77,89,71,56,6,4,,1,3,,3,6,226,215,441
BROWARD,2751,J. P. TARAVELLA HIGH SCHOOL,12,104,138,89,70,87,85,10,15,1,,1,,9,2,301,310,611
BROWARD,2831,WESTERN HIGH SCHOOL,12,184,176,19,26,123,106,15,16,,,1,,5,1,347,325,672
BROWARD,3011,MARJORY STONEMAN DOUGLAS HIGH SCHOOL,12,201,202,31,25,51,58,22,28,,,1,1,15,4,321,318,639
BROWARD,3222,CROSS CREEK SCHOOL,12,*,*,*,*,*,*,*,*,*,*,*,*,*,*,*,*,*
BROWARD,3391,CHARLES W FLANAGAN HIGH SCHOOL,12,63,63,109,116,143,141,12,28,,,1,1,12,13,340,362,702
BROWARD,3541,MONARCH HIGH SCHOOL,12,88,119,39,44,79,70,12,14,,,,,3,6,221,253,474
BROWARD,3623,CYPRESS BAY HIGH SCHOOL,12,185,177,13,18,289,272,26,21,,,2,1,12,8,527,497,1024
BROWARD,3651,DAVE THOMAS EDUCATION CENTER,12,1,3,24,33,10,12,2,,,,,,,1,37,49,86
BROWARD,3731,EVERGLADES HIGH SCHOOL,12,23,22,108,95,130,122,19,21,1,,,2,5,4,286,266,552
BROWARD,3851,COLLEGE ACADEMY AT BCC,12,29,29,28,8,27,20,9,11,,,,1,7,2,100,71,171
BROWARD,3861,CORAL GLADES HIGH SCHOOL,12,95,72,67,60,86,66,11,10,,,3,2,4,2,266,212,478
BROWARD,3971,WEST BROWARD HIGH SCHOOL,12,101,100,29,29,146,149,19,8,,,1,,9,7,305,293,598
BROWARD,5005,BEN GAMLA CHARTER HIGH SCHOOL,12,4,5,2,1,,1,,,,,,,,,6,7,13
BROWARD,5006,SOMERSET PREPARATORY ACADEMY CHARTER HIGH AT NORTH LAUDERDALE,12,1,1,15,7,3,3,,,,,,,1,,20,11,31
BROWARD,5007,SOMERSET ACADEMY CHARTER HIGH SCHOOL MIRAMAR CAMPUS,12,1,2,23,17,6,6,1,,,,,,1,,32,25,57
BROWARD,5009,MAVERICKS HIGH OF NORTH BROWARD COUNTY,11,*,*,*,*,*,*,*,*,*,*,*,*,*,*,*,*,*
BROWARD,5009,MAVERICKS HIGH OF NORTH BROWARD COUNTY,12,2,3,9,17,3,2,,,,,,,,,14,22,36
BROWARD,5028,ACADEMIC SOLUTIONS HIGH SCHOOL,12,3,2,3,3,1,1,,,,,,,,,7,6,13
BROWARD,5032,FLAGLER HIGH,11,*,*,*,*,*,*,*,*,*,*,*,*,*,*,*,*,*
BROWARD,5032,FLAGLER HIGH,12,5,14,11,16,8,9,,1,,,,,,4,24,44,68
BROWARD,5060,SUNED HIGH SCHOOL,12,,,13,12,1,,1,,,,,,,,15,12,27
BROWARD,5091,CITY OF CORAL SPRINGS CHARTER,12,58,49,8,16,32,26,5,3,,,,,1,2,104,96,200
BROWARD,5121,CITY/PEMBROKE PINES CHARTER HIGH SCHOOL,12,50,53,47,53,93,83,13,7,,,,1,,1,203,198,401
BROWARD,5221,SOMERSET ACADEMY CHARTER HIGH,12,9,14,23,32,73,65,6,4,,,,,2,1,113,116,229
BROWARD,5322,PIVOT CHARTER SCHOOL,12,3,5,,2,3,,,,,,,,,,6,7,13
BROWARD,5323,MELROSE HIGH,12,3,5,5,5,4,3,,,,,1,1,,1,13,15,28
BROWARD,5331,DOLPHIN PARK HIGH,11,*,*,*,*,*,*,*,*,*,*,*,*,*,*,*,*,*
BROWARD,5331,DOLPHIN PARK HIGH,12,1,2,11,36,4,14,,2,,,,,1,1,17,55,72
BROWARD,5341,NORTH UNIVERSITY HIGH,12,7,3,15,31,7,13,3,3,,,,1,,,32,51,83
BROWARD,5351,LAUDERHILL HIGH,12,,2,20,40,,,,,,,,,1,1,21,43,64
BROWARD,5396,SOMERSET ARTS CONSERVATORY,12,6,3,7,1,9,7,1,1,,,,,,,23,12,35
BROWARD,5416,INTERNATIONAL SCHOOL OF BROWARD,12,3,6,15,4,3,2,1,,,,,1,,,22,13,35
BROWARD,5417,IGENERATION EMPOWERMENT ACADEMY OF BROWARD COUNTY,12,4,2,4,2,2,,2,,,,,,,,12,4,16
BROWARD,5481,MAVERICKS HIGH OF CENTRAL BROWARD COUNTY,12,2,,19,27,6,6,,,,,,,1,,28,33,61
BROWARD,5861,SUNED HIGH SCHOOL OF NORTH BROWARD,12,1,3,5,5,2,1,,1,,,,,,,8,10,18
BROWARD,6015,BROWARD GIRLS ACADEMY,12,*,*,*,*,*,*,*,*,*,*,*,*,*,*,*,*,*
BROWARD,6016,POMPANO SUBSTANCE ABUSE TREATMENT,12,*,*,*,*,*,*,*,*,*,*,*,*,*,*,*,*,*
BROWARD,6017,BROWARD YOUTH TREATMENT CENTER,12,*,*,*,*,*,*,*,*,*,*,*,*,*,*,*,*,*
BROWARD,6051,AMIKIDS OF GREATER FORT LAUDERDALE,12,*,*,*,*,*,*,*,*,*,*,*,*,*,*,*,*,*
BROWARD,6091,"PACE CENTER FOR GIRLS, INC.",12,*,*,*,*,*,*,*,*,*,*,*,*,*,*,*,*,*
BROWARD,6501,OFF CAMPUS LEARNING,12,16,15,25,22,11,26,3,,,,,,,1,55,64,119
BROWARD,7004,BROWARD VIRTUAL FRANCHISE,12,29,13,3,1,6,9,1,1,,,1,,3,,43,24,67
CALHOUN,21,BLOUNTSTOWN HIGH SCHOOL,12,38,34,3,4,,4,,,,,,1,4,4,45,47,92
CALHOUN,101,ALTHA PUBLIC SCHOOL,12,18,21,,,1,,,,,,,2,,1,19,24,43
CALHOUN,7001,CALHOUN VIRTUAL INSTRUCTION PROGRAM,12,*,*,*,*,*,*,*,*,*,*,*,*,*,*,*,*,*
CALHOUN,7023,CALHOUN VIRTUAL  INSTRUCTION PROGRAM (DISTRICT PROVIDED),12,*,*,*,*,*,*,*,*,*,*,*,*,*,*,*,*,*
CHARLOTTE,31,CHARLOTTE HIGH SCHOOL,12,134,128,10,13,19,17,2,1,,1,,1,8,6,173,167,340
CHARLOTTE,51,LEMON BAY HIGH SCHOOL,12,114,122,,2,8,5,2,,,,,,1,2,125,131,256
CHARLOTTE,151,PORT CHARLOTTE HIGH SCHOOL,12,93,94,18,28,28,10,2,3,,,,,10,7,151,142,293
CHARLOTTE,161,CHARLOTTE TECHNICAL CENTER,11,*,*,*,*,*,*,*,*,*,*,*,*,*,*,*,*,*
CHARLOTTE,161,CHARLOTTE TECHNICAL CENTER,12,25,44,4,9,3,8,,,,,1,,3,3,36,64,100
CHARLOTTE,502,FLORIDA SOUTHWESTERN COLLEGIATE HIGH SCHOOL,12,38,30,3,2,5,3,2,1,,,,,1,,49,36,85
CHARLOTTE,7004,CHARLOTTE VIRTUAL FRANCHISE,12,11,6,,,2,,,1,,,,,,,13,7,20
CITRUS,31,CITRUS HIGH SCHOOL,11,*,*,*,*,*,*,*,*,*,*,*,*,*,*,*,*,*
CITRUS,31,CITRUS HIGH SCHOOL,12,130,137,5,4,5,13,,3,,,1,,4,3,145,160,305
CITRUS,121,CRYSTAL RIVER HIGH SCHOOL,12,115,103,5,8,7,7,5,1,,,,2,2,2,134,123,257
CITRUS,163,LECANTO HIGH SCHOOL,12,127,144,8,10,15,15,8,3,,,1,1,,5,159,178,337
CITRUS,8001,CYPRESS CREEK ACADEMY,12,,2,,7,,1,,,,,,,,,0,10,10
CLAY,111,R. C. BANNERMAN LEARNING CENTER,12,4,5,4,5,2,1,,,,,,,,1,10,12,22
CLAY,252,ORANGE PARK HIGH SCHOOL,12,94,101,40,32,21,30,4,6,,,,,9,8,168,177,345
CLAY,311,KEYSTONE HEIGHTS JUNIOR/SENIOR HIGH,12,87,89,,,4,2,2,,,,,,,1,93,92,185
CLAY,341,CLAY HIGH SCHOOL,12,130,126,20,20,12,6,2,5,,1,,1,3,2,167,161,328
CLAY,391,MIDDLEBURG HIGH SCHOOL,12,159,142,7,9,17,7,1,,1,,,,5,5,190,163,353
CLAY,431,RIDGEVIEW HIGH SCHOOL,12,95,90,28,20,20,11,4,7,2,1,,1,11,7,160,137,297
CLAY,551,FLEMING ISLAND HIGH SCHOOL,12,181,202,17,18,24,22,6,17,,1,,,7,12,235,272,507
CLAY,661,OAKLEAF HIGH SCHOOL,12,85,107,64,57,32,20,12,14,3,2,1,2,14,9,211,211,422
CLAY,7004,CLAY VIRTUAL FRANCHISE,12,29,17,2,,,,1,,,,,,3,,35,17,52
CLAY,7006,CLAY VIRTUAL INSTRUCTION (COURSE OFFERINGS),12,*,*,*,*,*,*,*,*,*,*,*,*,*,*,*,*,*
COLLIER,51,EVERGLADES CITY SCHOOL,12,*,*,*,*,*,*,*,*,*,*,*,*,*,*,*,*,*
COLLIER,151,NAPLES HIGH SCHOOL,11,*,*,*,*,*,*,*,*,*,*,*,*,*,*,*,*,*
COLLIER,151,NAPLES HIGH SCHOOL,12,98,120,8,20,52,42,,,,,1,,3,4,162,186,348
COLLIER,261,LELY HIGH SCHOOL,10,*,*,*,*,*,*,*,*,*,*,*,*,*,*,*,*,*
COLLIER,261,LELY HIGH SCHOOL,11,*,*,*,*,*,*,*,*,*,*,*,*,*,*,*,*,*
COLLIER,261,LELY HIGH SCHOOL,12,59,47,41,37,53,62,,1,,1,1,1,4,4,158,153,311
COLLIER,271,IMMOKALEE HIGH SCHOOL,11,*,*,*,*,*,*,*,*,*,*,*,*,*,*,*,*,*
COLLIER,271,IMMOKALEE HIGH SCHOOL,12,1,2,22,28,93,94,,,,,4,2,1,1,121,127,248
COLLIER,282,LORENZO WALKER TECHNICAL HIGH SCHOOL,11,*,*,*,*,*,*,*,*,*,*,*,*,*,*,*,*,*
COLLIER,282,LORENZO WALKER TECHNICAL HIGH SCHOOL,12,10,12,12,5,31,43,,1,,,2,,1,,56,61,117
COLLIER,311,BARRON COLLIER HIGH SCHOOL,11,*,*,*,*,*,*,*,*,*,*,*,*,*,*,*,*,*
COLLIER,311,BARRON COLLIER HIGH SCHOOL,12,116,136,16,18,36,39,5,2,,1,1,5,7,3,181,204,385
COLLIER,392,GULF COAST HIGH SCHOOL,11,*,*,*,*,*,*,*,*,*,*,*,*,*,*,*,*,*
COLLIER,392,GULF COAST HIGH SCHOOL,12,169,162,5,10,35,34,7,2,,,,2,9,13,225,223,448
COLLIER,493,PALMETTO RIDGE HIGH SCHOOL,11,*,*,*,*,*,*,*,*,*,*,*,*,*,*,*,*,*
COLLIER,493,PALMETTO RIDGE HIGH SCHOOL,12,84,89,16,11,103,88,4,1,,,1,1,4,1,212,191,403
COLLIER,501,GOLDEN GATE HIGH SCHOOL,11,*,*,*,*,*,*,*,*,*,*,*,*,*,*,*,*,*
COLLIER,501,GOLDEN GATE HIGH SCHOOL,12,27,37,33,35,98,73,1,3,,,1,,3,7,163,155,318
COLLIER,7001,COLLIER VIRTUAL INSTRUCTION PROGRAM,11,*,*,*,*,*,*,*,*,*,*,*,*,*,*,*,*,*
COLLIER,7001,COLLIER VIRTUAL INSTRUCTION PROGRAM,12,*,*,*,*,*,*,*,*,*,*,*,*,*,*,*,*,*
COLLIER,9027,BEACON HIGH SCHOOL,12,*,*,*,*,*,*,*,*,*,*,*,*,*,*,*,*,*
COLLIER,9032,MARCO ISLAND ACADEMY,12,11,13,,1,3,5,1,,,,,,,,15,19,34
COLUMBIA,11,COLUMBIA HIGH SCHOOL,12,118,112,33,33,6,7,3,,,,1,,5,2,166,154,320
COLUMBIA,123,FORT WHITE HIGH SCHOOL,12,46,52,8,5,3,3,,,,,,,1,2,58,62,120
DADE,6016,SOMERSET VIRTUAL ACADEMY,12,*,*,*,*,*,*,*,*,*,*,*,*,*,*,*,*,*
DADE,6040,DOCTORS CHARTER SCHOOL OF MIAMI SHORES,12,3,6,15,18,7,12,,2,,,,,,,25,38,63
DADE,6997,MATER VIRTUAL ACADEMY CHARTER MIDDLE/HIGH SCHOOL,12,,,2,,3,9,,,,,,,,,5,9,14
DADE,7001,MIAMI-DADE ONLINE ACADEMY- VIRTUAL INSTRUCTION PROGRAM,12,1,1,1,,6,8,,2,,,,,,,8,11,19
DADE,7007,INTERNATIONAL STUDIES CHARTER HIGH SCHOOL,12,15,12,2,,35,19,1,,,,,,,,53,31,84
DADE,7009,DORAL PERFORMING ARTS & ENTERTAINMENT ACADEMY,12,8,5,,,61,21,1,,,,,,,,70,26,96
DADE,7011,AMERICAN SENIOR HIGH SCHOOL,12,6,10,52,47,149,121,1,6,,,,,,,208,184,392
DADE,7014,MATER PERFORMING ARTS & ENTERTAINMENT ACADEMY,12,1,,1,3,36,15,,,,,,,,,38,18,56
DADE,7015,STELLAR LEADERSHIP ACADEMY,12,*,*,*,*,*,*,*,*,*,*,*,*,*,*,*,*,*
DADE,7016,SPORTS LEADERSHIP OF MIAMI CHARTER HIGH SCHOOL,12,,2,,9,19,25,,,,,,,,,19,36,55
DADE,7018,MATER ACADEMY LAKES HIGH SCHOOL,12,9,11,2,4,109,94,1,,,,,,,,121,109,230
DADE,7020,DORAL ACADEMY CHARTER HIGH SCHOOL,12,9,7,1,2,146,141,,1,,,,,,,156,151,307
DADE,7022,ACADEMY OF ARTS & MINDS,11,*,*,*,*,*,*,*,*,*,*,*,*,*,*,*,*,*
DADE,7022,ACADEMY OF ARTS & MINDS,12,7,5,2,4,41,17,,,,,,,,1,50,27,77
DADE,7029,TERRA ENVIRONMENTAL RESEARCH INSTITUTE,12,28,34,4,7,145,172,10,9,,,,,4,2,191,224,415
DADE,7032,PALM GLADES PREPARATORY ACADEMY HIGH SCHOOL,12,,1,1,,9,11,,,,,,,,,10,12,22
DADE,7033,LAW ENFORCEMENT OFFICERS MEMORIAL HIGH SCHOOL,12,4,2,14,4,36,24,,1,,,,,,,54,31,85
DADE,7034,SOMERSET ACADEMY CHARTER HIGH SCHOOL (SOUTH HOMESTEAD),12,1,2,,2,6,3,,,,,,,,,7,7,14
DADE,7037,MATER ACADEMY EAST CHARTER HIGH SCHOOL,12,4,,1,1,36,36,1,,,,,,,,42,37,79
DADE,7041,SCHOOL FOR ADVANCED STUDIES-WOLFSON,12,5,2,6,2,19,18,2,,,,,,,,32,22,54
DADE,7042,SOMERSET ACADEMY CHARTER HIGH SCHOOL,12,4,2,3,2,33,39,,,,,,,,,40,43,83
DADE,7048,ALONZO AND TRACY MOURNING SENIOR HIGH BISCAYNE BAY CAMPUS,12,51,45,36,31,115,82,2,4,,,,,,,204,162,366
DADE,7049,WESTLAND HIALEAH SENIOR HIGH SCHOOL,12,3,1,1,,165,145,1,,,,,,,,170,146,316
DADE,7050,KEYS GATE CHARTER HIGH SCHOOL,12,12,18,15,17,61,74,,,,,,,,,88,109,197
DADE,7051,G. HOLMES BRADDOCK SENIOR HIGH,12,16,13,2,9,320,290,1,3,,,,,,,339,315,654
DADE,7053,PINECREST PREPARATORY ACADEMY CHARTER HIGH SCHOOL,12,2,3,,,41,39,,,,,,,,,43,42,85
DADE,7055,YOUNG WOMENS PREPARATORY ACADEMY,12,3,,5,,22,,,,,,,,,,30,0,30
DADE,7056,YOUNG MEN'S PREPARATORY ACADEMY,12,,1,,12,,6,,,,,,,,,0,19,19
DADE,7058,MIAMI COMMUNITY CHARTER HIGH SCHOOL,12,2,1,,1,17,16,,,,,,,,,19,18,37
DADE,7059,MIAMI ARTS CHARTER,12,8,6,6,4,16,13,1,,,,,,,,31,23,54
DADE,7060,EVERGLADES PREPARATORY ACADEMY HIGH SCHOOL,12,3,2,,1,15,18,,,,,,,,,18,21,39
DADE,7061,SCHOOL FOR ADVANCED STUDIES NORTH,12,4,2,19,5,14,13,,1,,,,,,,37,21,58
DADE,7062,MAVERICKS HIGH OF NORTH MIAMI DADE COUNTY,12,2,,20,16,6,12,,1,,,,,,,28,29,57
DADE,7065,MAVERICKS HIGH OF SOUTH MIAMI DADE COUNTY,11,*,*,*,*,*,*,*,*,*,*,*,*,*,*,*,*,*
DADE,7065,MAVERICKS HIGH OF SOUTH MIAMI DADE COUNTY,12,1,,10,17,20,23,,1,,,,,,,31,41,72
DADE,7067,GREEN SPRINGS HIGH SCHOOL CHARTER,11,*,*,*,*,*,*,*,*,*,*,*,*,*,*,*,*,*
DADE,7067,GREEN SPRINGS HIGH SCHOOL CHARTER,12,1,2,4,12,32,44,,1,,,,,,,37,59,96
DADE,7068,NORTH GARDENS HIGH SCHOOL CHARTER,12,,1,17,23,6,6,,,,,,,,,23,30,53
DADE,7069,NORTH PARK HIGH SCHOOL,12,1,1,15,22,9,17,,,,,,,,,25,40,65
DADE,7071,CORAL GABLES SENIOR HIGH SCHOOL,12,41,39,20,29,288,280,4,2,,,,,,,353,350,703
DADE,7081,DESIGN & ARCHITECTURE SENIOR HIGH,12,12,12,7,12,50,28,2,,,,,,2,,73,52,125
DADE,7091,SCHOOL FOR ADVANCED STUDIES - SOUTH,12,4,9,5,1,63,33,3,2,,,,,,,75,45,120
DADE,7101,CORAL REEF SENIOR HIGH SCHOOL,12,74,72,48,44,241,191,12,14,,,,1,11,6,386,328,714
DADE,7111,HIALEAH SENIOR HIGH SCHOOL,12,5,5,14,19,264,263,,,,,,,,,283,287,570
DADE,7121,JOHN A. FERGUSON SENIOR HIGH,12,35,23,12,8,408,347,14,11,,,1,,,,470,389,859
DADE,7131,HIALEAH-MIAMI LAKES SENIOR HIGH,12,7,8,32,31,94,119,3,3,,,,,,,136,161,297
DADE,7141,DR MICHAEL M. KROP SENIOR HIGH,12,49,55,132,104,90,80,6,6,,,,1,,,277,246,523
DADE,7151,HOMESTEAD SENIOR HIGH SCHOOL,11,*,*,*,*,*,*,*,*,*,*,*,*,*,*,*,*,*
DADE,7151,HOMESTEAD SENIOR HIGH SCHOOL,12,10,8,66,63,66,68,1,,,,,,1,,144,139,283
DADE,7160,MATER ACADEMY CHARTER HIGH,12,3,5,3,6,211,178,,,,,,,,,217,189,406
DADE,7161,MAST ACADEMY,12,13,16,7,5,38,38,,2,,,,,,,58,61,119
DADE,7171,MEDICAL ACADEMY FOR SCIENCE AND TECHNOLOGY (M.A.S.T.) @ HOMESTEAD,12,7,7,15,6,53,25,3,1,,,,,1,,79,39,118
DADE,7191,HIALEAH GARDENS SENIOR HIGH SCHOOL,11,*,*,*,*,*,*,*,*,*,*,*,*,*,*,*,*,*
DADE,7191,HIALEAH GARDENS SENIOR HIGH SCHOOL,12,7,7,6,2,263,292,1,5,,,,,,,277,306,583
DADE,7201,MIAMI BEACH SENIOR HIGH SCHOOL,12,62,56,19,28,143,131,2,3,1,,,,3,,230,218,448
DADE,7231,MIAMI CAROL CITY SENIOR HIGH,12,,,167,107,22,10,,1,,,,,,,189,118,307
DADE,7241,RONALD W. REAGAN/DORAL SENIOR HIGH SCHOOL,12,21,16,3,3,229,200,7,4,,,,,,,260,223,483
DADE,7251,MIAMI CENTRAL SENIOR HIGH SCHOOL,12,1,,114,143,30,27,,,1,,,,,,146,170,316
DADE,7262,CITY OF HIALEAH EDUCATION ACADEMY,12,1,5,,1,34,40,,,,,,,,,35,46,81
DADE,7265,ARCHIMEDEAN UPPER CONSERVATORY,12,3,4,1,1,23,13,2,1,,,,,,1,29,20,49
DADE,7271,MIAMI CORAL PARK SENIOR HIGH,12,6,8,1,3,249,274,2,1,,,,,,,258,286,544
DADE,7291,JOSE MARTI MAST 6-12 ACADEMY,12,,2,,2,11,26,,,,,,,,,11,30,41
DADE,7301,MIAMI EDISON SENIOR HIGH SCHOOL,12,,1,63,55,9,9,,,,,,,,,72,65,137
DADE,7341,MIAMI JACKSON SENIOR HIGH SCHOOL,12,1,1,47,58,82,84,,,,,,,,,130,143,273
DADE,7351,ARTHUR AND POLLY MAYS CONSERVATORY OF THE ARTS,12,5,3,8,12,21,16,,1,,,,,,,34,32,66
DADE,7361,MIAMI KILLIAN SENIOR HIGH SCHOOL,12,40,37,47,55,167,149,5,8,,,1,1,,1,260,251,511
DADE,7371,ROBERT MORGAN EDUCATIONAL CENTER,12,38,32,67,45,173,154,4,,1,,1,,,,284,231,515
DADE,7381,MIAMI NORLAND SENIOR HIGH SCHOOL,12,,1,119,120,6,3,,,,,,,,,125,124,249
DADE,7391,MIAMI LAKES EDUCATIONAL CENTER,12,6,5,32,21,93,113,5,5,,,,,1,,137,144,281
DADE,7411,MIAMI NORTHWESTERN SENIOR HIGH,12,1,,165,97,12,9,,,,,,,1,,179,106,285
DADE,7431,MIAMI PALMETTO SENIOR HIGH SCHOOL,12,127,117,32,34,133,119,16,19,,,1,1,2,1,311,291,602
DADE,7461,MIAMI SENIOR HIGH SCHOOL,12,7,10,7,6,238,248,1,,,,,,,,253,264,517
DADE,7511,MIAMI SPRINGS SENIOR HIGH SCHOOL,12,11,12,26,11,126,129,2,2,,,,,,,165,154,319
DADE,7531,MIAMI SUNSET SENIOR HIGH SCHOOL,12,21,23,8,8,149,164,2,4,,,,,1,1,181,200,381
DADE,7541,NORTH MIAMI BEACH SENIOR HIGH,12,3,4,168,131,38,27,5,4,,1,,,,1,214,168,382
DADE,7551,SCHOOL FOR ADVANCED STUDIES HOMESTEAD,12,5,2,6,4,24,12,1,2,,,,,1,,37,20,57
DADE,7571,INTERNATIONAL STUDIES PREPARATORY ACADEMY,12,4,,,,24,19,,,,,,,,,28,19,47
DADE,7581,I PREPARATORY ACADEMY,12,5,1,6,3,16,12,2,1,,,,,,,29,17,46
DADE,7591,NORTH MIAMI SENIOR HIGH SCHOOL,12,,2,204,195,18,24,2,6,,,,,,,224,227,451
DADE,7601,WILLIAM H. TURNER TECHNICAL ARTS HIGH SCHOOL,12,1,1,173,105,36,21,1,2,,,,,,,211,129,340
DADE,7631,MIAMI MACARTHUR SOUTH,12,*,*,*,*,*,*,*,*,*,*,*,*,*,*,*,*,*
DADE,7701,SOUTH DADE SENIOR HIGH SCHOOL,12,44,48,55,63,162,192,2,1,,,2,1,,,265,305,570
DADE,7721,SOUTH MIAMI SENIOR HIGH SCHOOL,12,11,18,5,13,208,188,1,1,,,,,1,,226,220,446
DADE,7731,MIAMI SOUTHRIDGE SENIOR HIGH,11,*,*,*,*,*,*,*,*,*,*,*,*,*,*,*,*,*
DADE,7731,MIAMI SOUTHRIDGE SENIOR HIGH,12,11,16,64,76,104,88,6,1,,,3,1,1,1,189,183,372
DADE,7741,SOUTHWEST MIAMI SENIOR HIGH,11,*,*,*,*,*,*,*,*,*,*,*,*,*,*,*,*,*
DADE,7741,SOUTHWEST MIAMI SENIOR HIGH,12,21,22,1,4,323,293,1,4,,,,1,1,1,347,325,672
DADE,7751,BARBARA GOLEMAN SENIOR HIGH,12,16,21,11,23,172,174,1,4,,,,,,,200,222,422
DADE,7781,FELIX VARELA SENIOR HIGH SCHOOL,11,*,*,*,*,*,*,*,*,*,*,*,*,*,*,*,*,*
DADE,7781,FELIX VARELA SENIOR HIGH SCHOOL,12,29,37,11,14,307,255,3,6,,,1,,1,1,352,313,665
DADE,7791,BOOKER T. WASHINGTON SENIOR HIGH,12,1,3,47,46,25,26,1,,,,,,,,74,75,149
DADE,7804,AMIKIDS MIAMI-DADE SOUTH,12,*,*,*,*,*,*,*,*,*,*,*,*,*,*,*,*,*
DADE,7805,AMIKIDS MIAMI-DADE NORTH,12,*,*,*,*,*,*,*,*,*,*,*,*,*,*,*,*,*
DADE,7806,DADE JUVENILE RESIDENTIAL FACILITY,12,*,*,*,*,*,*,*,*,*,*,*,*,*,*,*,*,*
DADE,7811,MIAMI YOUTH ACADEMY,12,*,*,*,*,*,*,*,*,*,*,*,*,*,*,*,*,*
DADE,7812,MIAMI BRIDGE SOUTH,12,*,*,*,*,*,*,*,*,*,*,*,*,*,*,*,*,*
DADE,7835,RICHMOND PERRINE OPTIMIST,12,*,*,*,*,*,*,*,*,*,*,*,*,*,*,*,*,*
DADE,7861,SECONDARY STUDENT SUCCESS CENTER 802,11,*,*,*,*,*,*,*,*,*,*,*,*,*,*,*,*,*
DADE,7862,SECONDARY STUDENT SUCCESS CENTER 803,11,*,*,*,*,*,*,*,*,*,*,*,*,*,*,*,*,*
DADE,7901,NEW WORLD SCHOOL OF THE ARTS,11,*,*,*,*,*,*,*,*,*,*,*,*,*,*,*,*,*
DADE,7901,NEW WORLD SCHOOL OF THE ARTS,12,18,6,13,2,41,22,1,1,,,,,,2,73,33,106
DADE,8017,ALTERNATIVE OUTREACH PROGRAM,12,*,*,*,*,*,*,*,*,*,*,*,*,*,*,*,*,*
DADE,8019,ACADEMY FOR COMMUNITY EDUCATION (ACE),12,,,4,9,1,1,,,,,,,,,5,10,15
DADE,8101,JAN MANN OPPORTUNITY SCHOOL,12,*,*,*,*,*,*,*,*,*,*,*,*,*,*,*,*,*
DADE,8181,RUTH OWENS KRUSE EDUCATION CENTER,12,*,*,*,*,*,*,*,*,*,*,*,*,*,*,*,*,*
DADE,9731,INSTRUCTIONAL CENTER SYSTEM WIDE,12,*,*,*,*,*,*,*,*,*,*,*,*,*,*,*,*,*
DADE,9732,BRUCIE BALL EDUCATIONAL CENTER,12,*,*,*,*,*,*,*,*,*,*,*,*,*,*,*,*,*
DESOTO,31,DESOTO COUNTY HIGH SCHOOL,12,39,32,15,8,38,38,,1,,,1,,1,3,94,82,176
DESOTO,291,DESOTO ALTERNATIVE PROGRAM,12,*,*,*,*,*,*,*,*,*,*,*,*,*,*,*,*,*
DESOTO,9114,REDUCED SERVICES,12,*,*,*,*,*,*,*,*,*,*,*,*,*,*,*,*,*
DIXIE,21,DIXIE COUNTY HIGH SCHOOL,11,*,*,*,*,*,*,*,*,*,*,*,*,*,*,*,*,*
DIXIE,21,DIXIE COUNTY HIGH SCHOOL,12,39,38,1,4,5,2,,,,,,,1,,46,44,90
DUVAL,112,SCHOOL FOR THE FUTURE,12,4,8,25,31,1,2,,1,,,,,1,1,31,43,74
DUVAL,331,ROBERT E. LEE HIGH SCHOOL,12,34,46,130,100,8,15,13,8,,,,1,6,4,191,174,365
DUVAL,351,ANDREW JACKSON HIGH SCHOOL,12,5,4,56,47,,1,,,,,,,,,61,52,113
DUVAL,381,BALDWIN MIDDLE-SENIOR HIGH SCHOOL,12,44,51,10,6,1,3,,1,,,,,1,1,56,62,118
DUVAL,391,GATEWAY COMMUNITY SERVICES,12,*,*,*,*,*,*,*,*,*,*,*,*,*,*,*,*,*
DUVAL,431,IMPACT HALFWAY HOUSE,12,*,*,*,*,*,*,*,*,*,*,*,*,*,*,*,*,*
DUVAL,471,LONE STAR HIGH SCHOOL,11,*,*,*,*,*,*,*,*,*,*,*,*,*,*,*,*,*
DUVAL,471,LONE STAR HIGH SCHOOL,12,7,14,11,23,3,4,3,2,,,,,,2,24,45,69
DUVAL,501,CATAPULT ACADEMY,12,9,16,18,19,2,4,,2,,,,,,,29,41,70
DUVAL,531,DUVAL MYCROSCHOOL OF INTEGRATED ACADEMICS AND TECHNOLOGIES,12,8,8,13,13,2,3,,,,,,,,2,23,26,49
DUVAL,751,PAXON SCHOOL/ADVANCED STUDIES,12,79,59,73,60,17,9,24,26,,,,,11,4,204,158,362
DUVAL,811,PACE CENTER FOR GIRLS-JAX,12,*,*,*,*,*,*,*,*,*,*,*,*,*,*,*,*,*
DUVAL,861,TERRY PARKER HIGH SCHOOL,12,51,44,64,59,17,21,1,6,,1,,1,7,7,140,139,279
DUVAL,901,ENGLEWOOD HIGH SCHOOL,12,54,53,50,43,25,24,3,10,,,,1,2,3,134,134,268
DUVAL,961,JEAN RIBAULT HIGH SCHOOL,12,,2,103,76,1,3,,,,,,,1,1,105,82,187
DUVAL,1073,DOUGLAS ANDERSON SCHOOL OF THE ARTS,12,110,49,42,23,16,7,8,8,,,,,10,2,186,89,275
DUVAL,1181,"SCHOOL FOR ACCELERATED LEARNING AND TECHNOLOGIES, INC",11,*,*,*,*,*,*,*,*,*,*,*,*,*,*,*,*,*
DUVAL,1181,"SCHOOL FOR ACCELERATED LEARNING AND TECHNOLOGIES, INC",12,4,2,12,10,1,2,,,,,,,,,17,14,31
DUVAL,1201,RIVER CITY SCIENCE ACADEMY,12,20,32,4,12,,5,,1,,,,,1,,25,50,75
DUVAL,1311,DUVAL CHARTER HIGH SCHOOL AT BAYMEADOWS,12,15,15,4,14,2,4,1,,,,,,,2,22,35,57
DUVAL,1341,MURRAY HILL HIGH SCHOOL,11,*,*,*,*,*,*,*,*,*,*,*,*,*,*,*,*,*
DUVAL,1341,MURRAY HILL HIGH SCHOOL,12,6,7,16,16,2,3,,,,,,,1,1,25,27,52
DUVAL,1451,DARNELL COOKMAN MIDDLE/HIGH SCHOOL,12,18,5,25,9,3,2,3,10,,,,,4,,53,26,79
DUVAL,1531,STANTON COLLEGE PREPARATORY,11,*,*,*,*,*,*,*,*,*,*,*,*,*,*,*,*,*
DUVAL,1531,STANTON COLLEGE PREPARATORY,12,77,65,53,17,12,8,29,48,,,,1,6,3,177,142,319
DUVAL,1651,WILLIAM M. RAINES HIGH SCHOOL,12,1,1,113,99,,,,,,,,,,2,114,102,216
DUVAL,1761,PRETRIAL DETENTION FACILITY,12,,4,1,13,,,,,,,,,,1,1,18,19
DUVAL,1851,AMIKIDS JACKSONVILLE,12,*,*,*,*,*,*,*,*,*,*,*,*,*,*,*,*,*
DUVAL,2231,DUNCAN U. FLETCHER HIGH SCHOOL,9,*,*,*,*,*,*,*,*,*,*,*,*,*,*,*,*,*
DUVAL,2231,DUNCAN U. FLETCHER HIGH SCHOOL,12,184,161,31,29,17,16,5,2,2,,,,5,8,244,216,460
DUVAL,2241,SAMUEL W. WOLFSON HIGH SCHOOL,12,31,42,89,71,11,9,3,4,1,,,,3,,138,126,264
DUVAL,2371,SANDALWOOD HIGH SCHOOL,12,137,153,80,71,42,40,37,31,,1,2,1,21,19,319,316,635
DUVAL,2411,WESTSIDE HIGH SCHOOL,12,23,27,85,71,7,9,2,4,,,1,,5,2,123,113,236
DUVAL,2481,EDWARD H. WHITE HIGH SCHOOL,12,45,30,98,68,8,2,5,3,,,,1,1,4,157,108,265
DUVAL,2601,MANDARIN HIGH SCHOOL,12,229,200,61,41,33,21,18,16,,,,2,8,3,349,283,632
DUVAL,2651,FIRST COAST HIGH SCHOOL,12,55,72,117,112,12,11,8,9,,1,,,5,9,197,214,411
DUVAL,2681,ATLANTIC COAST HIGH SCHOOL,12,116,104,62,66,31,17,19,24,1,,,1,15,9,244,221,465
DUVAL,2801,FRANK H. PETERSON ACADEMIES,12,27,44,55,32,17,16,4,6,,,,,9,4,112,102,214
DUVAL,2851,A. PHILIP RANDOLPH ACADEMIES,12,2,2,47,26,5,1,,1,,,,,,,54,30,84
DUVAL,5421,BISCAYNE HIGH SCHOOL,12,3,2,9,11,,1,,,,,,,,1,12,15,27
DUVAL,7004,DUVAL VIRTUAL ACADEMY FRANCHISE,12,*,*,*,*,*,*,*,*,*,*,*,*,*,*,*,*,*
DUVAL,7023,DUVAL VIRTUAL INSTRUCTION ACADEMY,12,7,8,6,4,,2,,,,,,,1,,14,14,28
ESCAMBIA,211,CAMELOT ACADEMY OF ESCAMBIA COUNTY,12,*,*,*,*,*,*,*,*,*,*,*,*,*,*,*,*,*
ESCAMBIA,281,ESCAMBIA HIGH SCHOOL,11,*,*,*,*,*,*,*,*,*,*,*,*,*,*,*,*,*
ESCAMBIA,281,ESCAMBIA HIGH SCHOOL,12,64,90,29,35,10,7,5,2,1,,3,1,13,11,125,146,271
ESCAMBIA,411,PENSACOLA HIGH SCHOOL,11,*,*,*,*,*,*,*,*,*,*,*,*,*,*,*,*,*
ESCAMBIA,411,PENSACOLA HIGH SCHOOL,12,54,38,53,50,6,8,19,10,,,1,,8,2,141,108,249
ESCAMBIA,521,J. M. TATE SENIOR HIGH SCHOOL,9,*,*,*,*,*,*,*,*,*,*,*,*,*,*,*,*,*
ESCAMBIA,521,J. M. TATE SENIOR HIGH SCHOOL,12,139,140,29,17,7,2,2,4,1,,4,2,9,7,191,172,363
ESCAMBIA,862,PINE FOREST HIGH SCHOOL,11,*,*,*,*,*,*,*,*,*,*,*,*,*,*,*,*,*
ESCAMBIA,862,PINE FOREST HIGH SCHOOL,12,55,44,78,54,8,6,4,6,1,,3,3,11,8,160,121,281
ESCAMBIA,866,JUDY ANDREWS SECOND CHANCE CENTER,12,*,*,*,*,*,*,*,*,*,*,*,*,*,*,*,*,*
ESCAMBIA,933,HOSPITAL & HOMEBOUND,12,*,*,*,*,*,*,*,*,*,*,*,*,*,*,*,*,*
ESCAMBIA,951,WASHINGTON SENIOR HIGH SCHOOL,12,106,86,67,58,16,4,8,5,,1,1,1,12,6,210,161,371
ESCAMBIA,1231,NORTHVIEW HIGH SCHOOL,12,32,36,11,7,1,,,,,,5,,2,4,51,47,98
ESCAMBIA,1251,WEST FLORIDA HIGH SCHOOL/TECHNICAL,12,67,72,49,31,7,3,6,7,,1,1,2,8,6,138,122,260
ESCAMBIA,2034,PACE PROGRAM,12,*,*,*,*,*,*,*,*,*,*,*,*,*,*,*,*,*
ESCAMBIA,2081,ESCAMBIA CHARTER SCHOOL,12,,1,1,4,,1,,,,,,,4,,5,6,11
ESCAMBIA,2141,NEWPOINT PENSACOLA,12,5,7,1,,1,1,,,,,,,1,1,8,9,17
ESCAMBIA,7004,ESCAMBIA VIRTUAL ACADEMY FRANCHISE,12,29,14,5,1,2,,1,,,,,,3,,40,15,55
FLAGLER,90,MATANZAS HIGH SCHOOL,12,107,119,16,19,25,22,3,2,,,1,,9,11,161,173,334
FLAGLER,91,FLAGLER-PALM COAST HIGH SCHOOL,12,171,143,39,36,30,25,6,6,,,3,,9,11,258,221,479
FRANKLIN,91,FRANKLIN COUNTY SCHOOLS PK-12,12,17,16,6,2,1,,,,,,,,1,,25,18,43
GADSDEN,51,WEST GADSDEN HIGH SCHOOL,12,1,1,12,10,7,8,,,,,,,,,20,19,39
GADSDEN,71,EAST GADSDEN HIGH SCHOOL,12,1,1,75,59,8,9,,,1,,,,1,,86,69,155
GADSDEN,231,CARTER PARRAMORE ACADEMY,12,,,4,6,1,,,,,,,,,,5,6,11
GADSDEN,9106,GADSDEN CENTRAL ACADEMY,12,*,*,*,*,*,*,*,*,*,*,*,*,*,*,*,*,*
GILCHRIST,21,TRENTON HIGH SCHOOL,11,*,*,*,*,*,*,*,*,*,*,*,*,*,*,*,*,*
GILCHRIST,21,TRENTON HIGH SCHOOL,12,23,32,2,,,,,,,,,,,2,25,34,59
GILCHRIST,31,BELL HIGH SCHOOL,11,*,*,*,*,*,*,*,*,*,*,*,*,*,*,*,*,*
GILCHRIST,31,BELL HIGH SCHOOL,12,49,38,,1,1,2,,,,,,,1,,51,41,92
GLADES,21,MOORE HAVEN JUNIOR/SENIOR HIGH SCHOOL,12,12,8,5,5,6,8,,,,,2,1,,,25,22,47
GULF,61,PORT ST. JOE HIGH SCHOOL,12,22,33,7,5,,1,,1,,,,,2,,31,40,71
GULF,81,WEWAHITCHKA HIGH SCHOOL,12,19,24,1,3,,1,,,,,,,1,1,21,29,50
HAMILTON,32,HAMILTON COUNTY HIGH SCHOOL,11,*,*,*,*,*,*,*,*,*,*,*,*,*,*,*,*,*
HAMILTON,32,HAMILTON COUNTY HIGH SCHOOL,12,18,19,11,14,4,3,,,,,,1,1,1,34,38,72
HARDEE,21,HARDEE SENIOR HIGH SCHOOL,12,53,35,9,6,63,56,3,2,,,,,1,2,129,101,230
HENDRY,181,LABELLE HIGH SCHOOL,12,45,44,5,1,69,64,,1,,,,,,1,119,111,230
HENDRY,201,CLEWISTON HIGH SCHOOL,12,22,22,14,20,57,42,,1,,,,,,,93,85,178
HENDRY,301,CLEWISTON YOUTH DEVELOPMENTAL ACADEMY,12,*,*,*,*,*,*,*,*,*,*,*,*,*,*,*,*,*
HENDRY,5201,COUNTY WIDE EXCEPTIONAL STUDENT EDUCATION,12,*,*,*,*,*,*,*,*,*,*,*,*,*,*,*,*,*
HERNANDO,51,HERNANDO HIGH SCHOOL,12,98,90,11,13,9,9,1,,,,1,1,2,,122,113,235
HERNANDO,181,FRANK W. SPRINGSTEAD HIGH SCHOOL,12,129,117,8,2,30,34,9,6,,,3,1,5,6,184,166,350
HERNANDO,251,CENTRAL HIGH SCHOOL,10,*,*,*,*,*,*,*,*,*,*,*,*,*,*,*,*,*
HERNANDO,251,CENTRAL HIGH SCHOOL,11,*,*,*,*,*,*,*,*,*,*,*,*,*,*,*,*,*
HERNANDO,251,CENTRAL HIGH SCHOOL,12,71,88,11,5,14,24,1,4,,,,,2,6,99,127,226
HERNANDO,351,NATURE COAST TECHNICAL HIGH,12,83,89,20,12,24,22,3,2,,,,,1,3,131,128,259
HERNANDO,391,WEEKI WACHEE HIGH SCHOOL,12,106,125,2,7,17,19,1,2,1,,,,1,2,128,155,283
HERNANDO,7004,HERNANDO ESCHOOL VIRTUAL FRANCHISE,12,*,*,*,*,*,*,*,*,*,*,*,*,*,*,*,*,*
HIGHLANDS,51,WOODLAWN ELEMENTARY SCHOOL,12,*,*,*,*,*,*,*,*,*,*,*,*,*,*,*,*,*
HIGHLANDS,221,SEBRING HIGH SCHOOL,12,92,83,15,13,33,37,3,7,,,1,,7,2,151,142,293
HIGHLANDS,231,AVON PARK HIGH SCHOOL,12,29,24,21,13,30,28,1,,,1,,,2,1,83,67,150
HIGHLANDS,251,LAKE PLACID HIGH SCHOOL,12,39,45,6,6,24,15,,,,,,,1,1,70,67,137
HILLSBOROUGH,43,SPOTO HIGH SCHOOL,12,26,22,46,51,57,53,3,7,,1,,,11,7,143,141,284
HILLSBOROUGH,73,LENNARD HIGH SCHOOL,11,*,*,*,*,*,*,*,*,*,*,*,*,*,*,*,*,*
HILLSBOROUGH,73,LENNARD HIGH SCHOOL,12,39,29,48,29,91,96,5,2,1,1,1,1,8,10,193,168,361
HILLSBOROUGH,89,STEINBRENNER HIGH SCHOOL,12,206,168,15,19,53,52,5,8,,,,,10,9,289,256,545
HILLSBOROUGH,93,STRAWBERRY CREST HIGH SCHOOL,11,4,3,,,5,5,,,,,,,,,9,8,17
HILLSBOROUGH,93,STRAWBERRY CREST HIGH SCHOOL,12,131,109,17,18,51,65,14,12,1,,1,,3,6,218,210,428
HILLSBOROUGH,131,ARMWOOD HIGH SCHOOL,12,46,52,43,49,24,41,1,4,1,1,,,2,5,117,152,269
HILLSBOROUGH,151,ALONSO HIGH SCHOOL,12,97,71,23,22,124,117,11,16,,,,,10,7,265,233,498
HILLSBOROUGH,281,BLAKE HIGH SCHOOL,12,76,31,54,37,44,30,3,,1,1,,,13,3,191,102,293
HILLSBOROUGH,291,BRANDON HIGH SCHOOL,12,92,80,35,37,64,60,7,1,1,,1,,9,12,209,190,399
HILLSBOROUGH,363,WATERS CAREER CENTER,11,*,*,*,*,*,*,*,*,*,*,*,*,*,*,*,*,*
HILLSBOROUGH,363,WATERS CAREER CENTER,12,*,*,*,*,*,*,*,*,*,*,*,*,*,*,*,*,*
HILLSBOROUGH,371,SIMMONS CAREER CENTER,12,17,9,3,1,8,8,,,,,,,,1,28,19,47
HILLSBOROUGH,761,CHAMBERLAIN HIGH SCHOOL,12,58,56,29,32,57,62,9,7,,,,,5,8,158,165,323
HILLSBOROUGH,1291,DURANT HIGH SCHOOL,12,140,128,21,28,54,60,4,2,1,,1,,9,5,230,223,453
HILLSBOROUGH,1322,EAST BAY HIGH SCHOOL,12,95,106,52,39,64,58,6,4,1,,2,,12,5,232,212,444
HILLSBOROUGH,1541,FREEDOM HIGH SCHOOL,11,*,*,*,*,*,*,*,*,*,*,*,*,*,*,*,*,*
HILLSBOROUGH,1541,FREEDOM HIGH SCHOOL,12,102,86,37,25,68,38,9,13,,,,1,7,5,223,168,391
HILLSBOROUGH,1551,GAITHER HIGH SCHOOL,12,89,82,18,24,75,80,7,11,,1,,1,8,5,197,204,401
HILLSBOROUGH,1881,HILLSBOROUGH HIGH SCHOOL,12,44,41,61,41,64,47,15,12,,1,1,,5,8,190,150,340
HILLSBOROUGH,2241,KING HIGH SCHOOL,12,46,43,57,60,20,33,37,31,,,1,,7,8,168,175,343
HILLSBOROUGH,2421,LETO HIGH SCHOOL,12,28,21,14,11,140,122,8,7,,,,,3,6,193,167,360
HILLSBOROUGH,2972,MENDEZ EXCEPTIONAL CENTER,12,*,*,*,*,*,*,*,*,*,*,*,*,*,*,*,*,*
HILLSBOROUGH,3004,MIDDLETON HIGH SCHOOL,12,10,36,61,56,16,20,3,2,,,,1,2,3,92,118,210
HILLSBOROUGH,3171,NEWSOME HIGH SCHOOL,12,193,237,19,27,41,33,7,16,1,,2,,13,16,276,329,605
HILLSBOROUGH,3371,RIVERVIEW HIGH SCHOOL,11,*,*,*,*,*,*,*,*,*,*,*,*,*,*,*,*,*
HILLSBOROUGH,3371,RIVERVIEW HIGH SCHOOL,12,120,115,46,51,67,63,3,4,1,,2,1,15,4,254,238,492
HILLSBOROUGH,3411,PLANT HIGH SCHOOL,12,219,191,16,15,47,41,9,5,,,2,,11,6,304,258,562
HILLSBOROUGH,3431,PLANT CITY HIGH SCHOOL,12,106,87,24,29,80,54,8,4,,1,2,,5,5,225,180,405
HILLSBOROUGH,3731,ROBINSON HIGH SCHOOL,12,78,71,20,23,24,41,27,12,,,,,19,11,168,158,326
HILLSBOROUGH,3784,JEFFERSON HIGH SCHOOL,12,17,14,56,41,89,83,2,1,,1,,,1,5,165,145,310
HILLSBOROUGH,4002,SIMMONS EXCEPTIONAL CENTER,12,*,*,*,*,*,*,*,*,*,*,*,*,*,*,*,*,*
HILLSBOROUGH,4141,BLOOMINGDALE HIGH SCHOOL,12,148,170,27,20,60,60,5,4,,,1,3,14,10,255,267,522
HILLSBOROUGH,4151,SICKLES HIGH SCHOOL,12,108,98,10,14,84,94,7,5,,,,,11,14,220,225,445
HILLSBOROUGH,4154,SOUTH COUNTY CAREER CENTER,12,*,*,*,*,*,*,*,*,*,*,*,*,*,*,*,*,*
HILLSBOROUGH,4155,BOWERS-WHITLEY CAREER CENTER,12,*,*,*,*,*,*,*,*,*,*,*,*,*,*,*,*,*
HILLSBOROUGH,4221,TAMPA BAY TECH HIGH SCHOOL,12,31,30,144,78,64,50,17,11,1,,1,,3,12,261,181,442
HILLSBOROUGH,4321,DOROTHY THOMAS CENTER,12,*,*,*,*,*,*,*,*,*,*,*,*,*,*,*,*,*
HILLSBOROUGH,4331,NORTH TAMPA ALTERNATIVE SCHOOL,12,*,*,*,*,*,*,*,*,*,*,*,*,*,*,*,*,*
HILLSBOROUGH,4339,CATAPULT ACADEMY,12,3,1,3,1,6,,,,,,,,,1,12,3,15
HILLSBOROUGH,4731,WHARTON HIGH SCHOOL,11,*,*,*,*,*,*,*,*,*,*,*,*,*,*,*,*,*
HILLSBOROUGH,4731,WHARTON HIGH SCHOOL,12,87,97,66,58,59,62,9,17,2,1,,,15,9,238,244,482
HILLSBOROUGH,5371,HOSPITAL/HOMEBOUND/HOMEBASED PROGRAMS,12,*,*,*,*,*,*,*,*,*,*,*,*,*,*,*,*,*
HILLSBOROUGH,6609,PEPIN ACADEMIES,12,2,15,2,4,2,1,,,,,,,,,6,20,26
HILLSBOROUGH,6630,PEPIN TRANSITIONAL SCHOOL,12,*,*,*,*,*,*,*,*,*,*,*,*,*,*,*,*,*
HILLSBOROUGH,6634,BROOKS DEBARTOLO COLLEGIATE HIGH SCHOOL,11,*,*,*,*,*,*,*,*,*,*,*,*,*,*,*,*,*
HILLSBOROUGH,6634,BROOKS DEBARTOLO COLLEGIATE HIGH SCHOOL,12,12,11,18,9,8,9,1,,,,,,1,3,40,32,72
HILLSBOROUGH,6646,SEMINOLE HEIGHTS CHARTER HIGH SCHOOL,11,2,,1,2,2,2,,,,,,,1,,6,4,10
HILLSBOROUGH,6646,SEMINOLE HEIGHTS CHARTER HIGH SCHOOL,12,3,4,7,6,9,9,,,,,,,,1,19,20,39
HILLSBOROUGH,6656,PIVOT CHARTER SCHOOL,12,14,12,3,,3,2,,,,,,,3,2,23,16,39
HILLSBOROUGH,6659,WEST UNIVERSITY CHARTER HIGH,11,*,*,*,*,*,*,*,*,*,*,*,*,*,*,*,*,*
HILLSBOROUGH,6659,WEST UNIVERSITY CHARTER HIGH,12,4,5,15,17,18,4,1,,1,,,,,1,39,27,66
HILLSBOROUGH,7006,HILLSBOROUGH VIRTUAL INSTRUCTION COURSE OFFERINGS,11,*,*,*,*,*,*,*,*,*,*,*,*,*,*,*,*,*
HILLSBOROUGH,7023,HILLSBOROUGH VIRTUAL SCHOOL,12,25,15,2,,9,2,,,,,,,1,,37,17,54
HILLSBOROUGH,7677,TOWN & COUNTRY HIGH SCHOOL,11,*,*,*,*,*,*,*,*,*,*,*,*,*,*,*,*,*
HILLSBOROUGH,7677,TOWN & COUNTRY HIGH SCHOOL,12,,5,,,2,6,,,,,,,,,2,11,13
HOLMES,31,POPLAR SPRINGS HIGH SCHOOL,12,16,7,1,,,,,,,,,,,,17,7,24
HOLMES,41,BETHLEHEM HIGH SCHOOL,12,10,18,,,,,,,,,,,,,10,18,28
HOLMES,61,PONCE DE LEON HIGH SCHOOL,12,15,16,,,1,,,,,,,,2,,18,16,34
HOLMES,261,HOLMES COUNTY HIGH SCHOOL,12,42,35,,1,4,4,2,1,,,,,,,48,41,89
INDIAN RIVER,31,VERO BEACH HIGH SCHOOL,11,*,*,*,*,*,*,*,*,*,*,*,*,*,*,*,*,*
INDIAN RIVER,31,VERO BEACH HIGH SCHOOL,12,203,185,54,49,37,44,8,7,,,,,6,8,308,293,601
INDIAN RIVER,131,WABASSO SCHOOL,12,*,*,*,*,*,*,*,*,*,*,*,*,*,*,*,*,*
INDIAN RIVER,291,SEBASTIAN RIVER HIGH SCHOOL,11,*,*,*,*,*,*,*,*,*,*,*,*,*,*,*,*,*
INDIAN RIVER,291,SEBASTIAN RIVER HIGH SCHOOL,12,108,112,15,10,38,36,2,1,,,1,1,3,6,167,166,333
INDIAN RIVER,5001,INDIAN RIVER CHARTER HIGH SCHOOL,12,60,55,3,1,10,8,2,,,,,,6,,81,64,145
JACKSON,21,MARIANNA HIGH SCHOOL,12,51,46,22,23,2,1,,,,,,,4,2,79,72,151
JACKSON,121,MALONE HIGH SCHOOL,12,1,10,5,5,,,,,,,,,1,,7,15,22
JACKSON,141,SNEADS HIGH SCHOOL,12,30,23,5,2,1,,,,,,,1,,2,36,28,64
JACKSON,212,JACKSON ALTERNATIVE SCHOOL,12,*,*,*,*,*,*,*,*,*,*,*,*,*,*,*,*,*
JACKSON,251,COTTONDALE HIGH SCHOOL,12,16,11,6,5,1,,,,,,,,3,1,26,17,43
JACKSON,491,GRACEVILLE HIGH SCHOOL,12,6,12,6,10,1,,,,,,,,1,,14,22,36
JACKSON,7001,JACKSON VIRTUAL INSTRUCTION PROGRAM,12,*,*,*,*,*,*,*,*,*,*,*,*,*,*,*,*,*
JEFFERSON,21,JEFFERSON COUNTY MIDDLE/HIGH SCHOOL,12,2,3,10,12,3,3,,,,,,,,,15,18,33
LAFAYETTE,21,LAFAYETTE HIGH SCHOOL,12,18,30,5,2,5,4,,,,,,,2,2,30,38,68
LAKE,81,EUSTIS HIGH SCHOOL,12,63,80,26,20,22,15,5,1,,,1,1,4,3,121,120,241
LAKE,161,LEESBURG HIGH SCHOOL,12,106,89,46,44,19,8,3,4,,,1,1,2,3,177,149,326
LAKE,181,MT. DORA HIGH SCHOOL,12,76,67,10,13,15,10,2,1,,,1,,7,3,111,94,205
LAKE,211,TAVARES HIGH SCHOOL,12,77,85,12,16,17,15,7,1,,,,,6,2,119,119,238
LAKE,231,UMATILLA HIGH SCHOOL,12,70,60,4,2,14,9,,,,,,,1,,89,71,160
LAKE,701,SOUTH LAKE HIGH SCHOOL,12,89,87,15,17,35,46,4,5,,,,2,4,2,147,159,306
LAKE,801,EAST RIDGE HIGH SCHOOL,12,102,101,29,20,57,64,16,8,,1,2,1,11,7,217,202,419
LAKE,901,LAKE MINNEOLA HIGH SCHOOL,12,118,111,34,43,47,46,16,9,,,2,2,11,6,228,217,445
LAKE,7004,LAKE VIRTUAL FRANCHISE,12,8,2,1,1,2,,,,,,,,,,11,3,14
LAKE,9018,ALEE ACADEMY CHARTER SCHOOL,12,5,9,2,5,2,2,,,,,,,1,,10,16,26
LEE,221,FORT MYERS HIGH SCHOOL,12,166,145,32,21,34,29,7,14,,,,,9,7,248,216,464
LEE,241,LEHIGH SENIOR HIGH SCHOOL,12,41,23,61,35,90,71,1,5,1,,1,1,6,2,201,137,338
LEE,311,NORTH FORT MYERS HIGH SCHOOL,12,166,117,6,2,31,33,6,1,,,1,,4,3,214,156,370
LEE,491,ISLAND COAST HIGH SCHOOL,12,69,63,21,19,60,45,1,2,,,1,1,1,1,153,131,284
LEE,511,SOUTH FORT MYERS HIGH SCHOOL,12,82,72,41,35,67,47,5,6,,,1,,8,1,204,161,365
LEE,531,CYPRESS LAKE HIGH SCHOOL,12,105,70,23,24,25,25,2,1,,,,,6,2,161,122,283
LEE,591,RIVERDALE HIGH SCHOOL,12,158,130,6,20,60,54,2,1,,,,,1,4,227,209,436
LEE,621,CAPE CORAL HIGH SCHOOL,12,81,78,18,11,45,46,7,6,,,,1,4,7,155,149,304
LEE,721,MARINER HIGH SCHOOL,12,80,110,4,10,49,34,1,2,1,,,,2,2,137,158,295
LEE,731,ESTERO HIGH SCHOOL,12,100,103,8,3,52,59,7,1,,,,,3,3,170,169,339
LEE,745,EAST LEE COUNTY HIGH SCHOOL,12,19,23,38,41,74,61,,2,,1,,1,2,2,133,131,264
LEE,831,DUNBAR HIGH SCHOOL,12,10,29,43,43,22,30,1,2,,,,,,1,76,105,181
LEE,861,IDA S. BAKER HIGH SCHOOL,12,128,116,5,5,64,58,1,6,,1,,,5,4,203,190,393
LEE,4121,GATEWAY CHARTER HIGH SCHOOL,12,34,28,10,10,24,18,2,5,,,1,,1,,72,61,133
LEE,4155,FLORIDA SOUTHWESTERN COLLEGIATE HIGH SCHOOL,12,32,19,11,3,17,7,3,,1,,,,1,1,65,30,95
LEE,4181,OASIS CHARTER HIGH SCHOOL,12,58,63,,,20,14,3,,,,,,2,4,83,81,164
LEE,4211,PIVOT CHARTER SCHOOL,12,7,8,1,1,5,8,,1,,,,,,1,13,19,32
LEE,4212,CITY OF PALMS CHARTER HIGH SCHOOL,12,,5,2,1,3,1,1,,,,,,,,6,7,13
LEE,4223,PALM ACRES CHARTER HIGH SCHOOL,12,4,1,2,2,6,3,,,,,,,,,12,6,18
LEE,4242,NORTH NICHOLAS HIGH SCHOOL,12,22,20,3,4,13,17,,,,,,,1,1,39,42,81
LEE,4251,CORONADO HIGH SCHOOL,12,8,4,4,1,6,6,,,,,,,,,18,11,29
LEE,4274,ISLAND PARK HIGH SCHOOL,12,9,9,,1,4,1,,,,,,,,,13,11,24
LEE,4302,DJB TECHNICAL ACADEMY,12,2,6,1,1,1,4,,,,,,,,,4,11,15
LEE,7004,LEE COUNTY VIRTUAL FRANCHISE,12,15,8,1,1,4,1,,,,,,,,,20,10,30
LEON,21,LEON HIGH SCHOOL,12,123,124,65,44,10,9,2,7,,2,,1,6,9,206,196,402
LEON,51,JAMES RICKARDS HIGH SCHOOL,10,*,*,*,*,*,*,*,*,*,*,*,*,*,*,*,*,*
LEON,51,JAMES RICKARDS HIGH SCHOOL,12,9,15,92,66,4,3,12,7,,,,,2,5,119,96,215
LEON,161,AMOS P. GODBY HIGH SCHOOL,11,*,*,*,*,*,*,*,*,*,*,*,*,*,*,*,*,*
LEON,161,AMOS P. GODBY HIGH SCHOOL,12,19,19,55,68,9,7,,,,,1,,1,,85,94,179
LEON,204,SAIL,12,38,30,6,7,1,2,,,,,,,1,1,46,40,86
LEON,452,PACE SECONDARY SCHOOL,11,*,*,*,*,*,*,*,*,*,*,*,*,*,*,*,*,*
LEON,452,PACE SECONDARY SCHOOL,12,*,*,*,*,*,*,*,*,*,*,*,*,*,*,*,*,*
LEON,1091,LINCOLN HIGH SCHOOL,12,115,134,54,60,14,7,11,6,,1,,1,3,8,197,217,414
LEON,1141,LAWTON CHILES HIGH SCHOOL,12,190,171,17,18,10,11,11,12,,,1,1,5,7,234,220,454
LEON,1211,SUCCESS ACADEMY AT GHAZVINI LEARNING CENTER,12,2,,9,5,,,,,,,,,,,11,5,16
LEON,7004,LEON COUNTY VIRTUAL SCHOOL FRANCHISE,12,6,3,,2,,,,,,,,,,,6,5,11
LEVY,21,BRONSON MIDDLE/HIGH SCHOOL,12,18,26,5,,2,4,,,,,,,,1,25,31,56
LEVY,23,LEVY LEARNING ACADEMY,12,*,*,*,*,*,*,*,*,*,*,*,*,*,*,*,*,*
LEVY,41,CEDAR KEY HIGH SCHOOL,12,4,6,,,,,,,,,,,1,2,5,8,13
LEVY,51,CHIEFLAND MIDDLE HIGH SCHOOL,12,45,33,1,6,4,1,1,,,,,,2,,53,40,93
LEVY,91,WILLISTON HIGH SCHOOL,12,37,36,8,6,5,8,2,1,,,,,1,,53,51,104
LEVY,7004,LEVY VIRTUAL FRANCHISE,12,*,*,*,*,*,*,*,*,*,*,*,*,*,*,*,*,*
LIBERTY,21,LIBERTY COUNTY HIGH SCHOOL,12,31,30,4,6,1,2,,,,,,,1,,37,38,75
LIBERTY,51,LIBERTY WILDERNESS CROSSROADS,12,*,*,*,*,*,*,*,*,*,*,*,*,*,*,*,*,*
LIBERTY,71,LIBERTY LEARNING CENTER,12,*,*,*,*,*,*,*,*,*,*,*,*,*,*,*,*,*
MADISON,11,MADISON COUNTY HIGH SCHOOL,11,*,*,*,*,*,*,*,*,*,*,*,*,*,*,*,*,*
MADISON,11,MADISON COUNTY HIGH SCHOOL,12,27,22,23,31,5,2,,,,,,,,1,55,56,111
MANATEE,72,BAYSHORE HIGH SCHOOL,11,*,*,*,*,*,*,*,*,*,*,*,*,*,*,*,*,*
MANATEE,72,BAYSHORE HIGH SCHOOL,12,60,50,20,9,33,34,3,1,,,1,,3,4,120,98,218
MANATEE,181,MANATEE HIGH SCHOOL,12,127,148,30,35,39,35,5,2,1,,,,1,3,203,223,426
MANATEE,212,CENTRAL HIGH SCHOOL,12,*,*,*,*,*,*,*,*,*,*,*,*,*,*,*,*,*
MANATEE,351,PALMETTO HIGH SCHOOL,12,99,89,27,19,42,45,,3,,,,,1,1,169,157,326
MANATEE,431,SOUTHEAST HIGH SCHOOL,12,44,46,21,18,27,49,5,6,,,,,,2,97,121,218
MANATEE,721,LAKEWOOD RANCH HIGH SCHOOL,12,191,155,13,11,24,15,2,7,,,,,4,5,234,193,427
MANATEE,731,HORIZONS ACADEMY,11,*,*,*,*,*,*,*,*,*,*,*,*,*,*,*,*,*
MANATEE,731,HORIZONS ACADEMY,12,17,17,5,5,4,8,,1,,,,,1,2,27,33,60
MANATEE,762,BRADEN RIVER HIGH SCHOOL,12,150,134,13,14,25,26,17,9,,,1,,11,4,217,187,404
MANATEE,2004,PACE CENTER FOR GIRLS,12,*,*,*,*,*,*,*,*,*,*,*,*,*,*,*,*,*
MANATEE,2056,PALMSHORES BEHAVIOR HEALTH CENTER,12,*,*,*,*,*,*,*,*,*,*,*,*,*,*,*,*,*
MANATEE,2063,PALMETTO YOUTH ACADEMY,12,*,*,*,*,*,*,*,*,*,*,*,*,*,*,*,*,*
MANATEE,2104,MANATEE SCHOOL FOR THE ARTS,12,57,38,10,7,23,15,,3,,,,1,1,3,91,67,158
MANATEE,2141,STATE COLLEGE OF FLORIDA COLLEGIATE SCHOOL,11,*,*,*,*,*,*,*,*,*,*,*,*,*,*,*,*,*
MANATEE,2141,STATE COLLEGE OF FLORIDA COLLEGIATE SCHOOL,12,24,13,1,1,2,4,1,2,,,,,2,,30,20,50
MANATEE,7004,MANATEE VIRTUAL FRANCHISE (ETECH SCHOOL OF MANATEE),12,*,*,*,*,*,*,*,*,*,*,*,*,*,*,*,*,*
MARION,331,NORTH MARION HIGH SCHOOL,11,*,*,*,*,*,*,*,*,*,*,*,*,*,*,*,*,*
MARION,331,NORTH MARION HIGH SCHOOL,12,81,75,37,31,15,16,1,,,,1,1,5,7,140,130,270
MARION,351,FOREST HIGH SCHOOL,11,*,*,*,*,*,*,*,*,*,*,*,*,*,*,*,*,*
MARION,351,FOREST HIGH SCHOOL,12,127,155,25,20,25,30,8,2,,1,3,2,6,12,194,222,416
MARION,461,VANGUARD HIGH SCHOOL,12,101,97,50,32,14,27,9,8,,,1,1,8,16,183,181,364
MARION,501,LAKE WEIR HIGH SCHOOL,11,*,*,*,*,*,*,*,*,*,*,*,*,*,*,*,*,*
MARION,501,LAKE WEIR HIGH SCHOOL,12,94,111,36,33,21,38,,1,,,,1,8,11,159,195,354
MARION,521,DUNNELLON HIGH SCHOOL,12,59,55,16,13,26,23,1,1,2,,1,,3,6,108,98,206
MARION,661,BELLEVIEW HIGH SCHOOL,11,*,*,*,*,*,*,*,*,*,*,*,*,*,*,*,*,*
MARION,661,BELLEVIEW HIGH SCHOOL,12,100,92,16,13,25,33,4,3,,,1,2,7,5,153,148,301
MARION,701,WEST PORT HIGH SCHOOL,11,*,*,*,*,*,*,*,*,*,*,*,*,*,*,*,*,*
MARION,701,WEST PORT HIGH SCHOOL,12,134,113,60,53,72,69,8,7,,,2,2,11,20,287,264,551
MARION,7004,MARION VIRTUAL FRANCHISE,12,*,*,*,*,*,*,*,*,*,*,*,*,*,*,*,*,*
MARION,9690,FRANCIS MARION MILITARY ACADEMY,12,1,6,3,,2,2,,,,,,,,,6,8,14
MARION,9721,MARION YOUTH ACADEMY,12,*,*,*,*,*,*,*,*,*,*,*,*,*,*,*,*,*
MARTIN,31,MARTIN COUNTY HIGH SCHOOL,11,*,*,*,*,*,*,*,*,*,*,*,*,*,*,*,*,*
MARTIN,31,MARTIN COUNTY HIGH SCHOOL,12,162,149,10,12,52,47,9,,,,1,1,9,4,243,213,456
MARTIN,71,ESE HOMEBOUND,12,*,*,*,*,*,*,*,*,*,*,*,*,*,*,*,*,*
MARTIN,73,SPECTRUM JUNIOR/SENIOR HIGH SCHOOL,12,*,*,*,*,*,*,*,*,*,*,*,*,*,*,*,*,*
MARTIN,241,SOUTH FORK HIGH SCHOOL,12,123,134,11,15,37,47,2,4,,,1,2,7,2,181,204,385
MARTIN,294,CHALLENGER SCHOOL,12,*,*,*,*,*,*,*,*,*,*,*,*,*,*,*,*,*
MARTIN,351,JENSEN BEACH HIGH SCHOOL,12,163,165,10,12,22,26,1,2,,,,,3,8,199,213,412
MARTIN,400,CLARK ADVANCED LEARNING CENTER,12,40,30,3,4,4,7,1,,,,,,,2,48,43,91
MONROE,41,CORAL SHORES HIGH SCHOOL,12,36,63,1,1,24,30,1,1,,,,1,,1,62,97,159
MONROE,101,KEY WEST HIGH SCHOOL,11,*,*,*,*,*,*,*,*,*,*,*,*,*,*,*,*,*
MONROE,101,KEY WEST HIGH SCHOOL,12,65,72,16,14,29,29,1,4,,,1,2,3,6,115,127,242
MONROE,106,KEYS CENTER,12,*,*,*,*,*,*,*,*,*,*,*,*,*,*,*,*,*
MONROE,131,MARATHON SCHOOL,12,13,16,2,,18,11,,2,,,,,,,33,29,62
MONROE,382,KEY WEST COLLEGIATE SCHOOL,12,4,7,,,,,,,,,,,,1,4,8,12
MONROE,7004,MONROE VIRTUAL FRANCHISE,12,*,*,*,*,*,*,*,*,*,*,*,*,*,*,*,*,*
NASSAU,151,HILLIARD MIDDLE-SENIOR HIGH,12,41,59,1,2,,,,,,,1,,1,,44,61,105
NASSAU,191,WEST NASSAU COUNTY HIGH SCHOOL,12,106,91,3,,6,3,,,,,,,4,5,119,99,218
NASSAU,231,YULEE HIGH SCHOOL,12,102,93,12,12,12,7,2,,,,,1,4,3,132,116,248
NASSAU,291,FERNANDINA BEACH HIGH SCHOOL,12,73,76,7,4,9,7,,2,,1,,,5,1,94,91,185
OKALOOSA,41,BAKER SCHOOL,12,52,38,,1,3,1,1,1,,,,,1,3,57,44,101
OKALOOSA,201,LAUREL HILL SCHOOL,12,14,13,1,1,,,,,,,1,,,,16,14,30
OKALOOSA,211,NICEVILLE SENIOR HIGH SCHOOL,12,172,184,10,12,16,10,10,3,1,2,,,10,11,219,222,441
OKALOOSA,581,CHOCTAWHATCHEE SENIOR HIGH SCHOOL,12,127,117,19,25,16,18,10,11,,1,,,7,7,179,179,358
OKALOOSA,601,CRESTVIEW HIGH SCHOOL,10,*,*,*,*,*,*,*,*,*,*,*,*,*,*,*,*,*
OKALOOSA,641,FORT WALTON BEACH HIGH SCHOOL,12,128,113,28,22,13,9,16,8,,1,2,,15,9,202,162,364
OKALOOSA,701,CHOICE HIGH SCHOOL AND TECHNICAL CENTER,11,*,*,*,*,*,*,*,*,*,*,*,*,*,*,*,*,*
OKALOOSA,7023,OKALOOSA ONLINE NON FRANCHISED,11,*,*,*,*,*,*,*,*,*,*,*,*,*,*,*,*,*
OKALOOSA,9800,OKALOOSA ACADEMY,12,8,4,6,2,1,1,1,2,,,,,2,1,18,10,28
OKALOOSA,9805,COLLEGIATE HIGH SCHOOL AT NORTHWEST FLORIDA STATE COLLEGE,12,43,32,3,,6,5,3,1,,,,,4,3,59,41,100
OKALOOSA,9812,OKALOOSA YOUTH ACADEMY,12,*,*,*,*,*,*,*,*,*,*,*,*,*,*,*,*,*
OKALOOSA,9815,AMI KIDS EMERALD COAST,12,*,*,*,*,*,*,*,*,*,*,*,*,*,*,*,*,*
OKEECHOBEE,101,OKEECHOBEE HIGH SCHOOL,12,96,80,7,8,59,63,2,1,,,4,1,3,3,171,156,327
OKEECHOBEE,9101,TANTIE JUVENILE RESIDENTIAL FACILITY,12,*,*,*,*,*,*,*,*,*,*,*,*,*,*,*,*,*
ORANGE,40,PROSPERITAS LEADERSHIP ACADEMY CHARTER,12,,2,3,8,2,,,,,,,1,1,,6,11,17
ORANGE,41,SIMON YOUTH FOUND ACAD AT OUTLET MKTPLCE,12,*,*,*,*,*,*,*,*,*,*,*,*,*,*,*,*,*
ORANGE,42,BETA,12,*,*,*,*,*,*,*,*,*,*,*,*,*,*,*,*,*
ORANGE,74,WORKFORCE ADVANTAGE ACADEMY CHARTER,11,*,*,*,*,*,*,*,*,*,*,*,*,*,*,*,*,*
ORANGE,74,WORKFORCE ADVANTAGE ACADEMY CHARTER,12,3,5,10,10,5,3,1,,,,,,,,19,18,37
ORANGE,84,SHEELER HIGH CHARTER,11,*,*,*,*,*,*,*,*,*,*,*,*,*,*,*,*,*
ORANGE,84,SHEELER HIGH CHARTER,12,5,5,10,7,8,6,,,,,,,,,23,18,41
ORANGE,85,CHANCERY HIGH CHARTER,11,*,*,*,*,*,*,*,*,*,*,*,*,*,*,*,*,*
ORANGE,85,CHANCERY HIGH CHARTER,12,2,7,8,11,7,8,,,,,,,1,1,18,27,45
ORANGE,89,ORLANDO SCIENCE MIDDLE HIGH CHARTER,12,4,,5,4,2,,5,1,,,2,,,,18,5,23
ORANGE,111,WILLIAM R BOONE HIGH,11,*,*,*,*,*,*,*,*,*,*,*,*,*,*,*,*,*
ORANGE,111,WILLIAM R BOONE HIGH,12,193,168,31,22,84,55,6,4,,,3,1,4,4,321,254,575
ORANGE,119,LEGACY HIGH CHARTER,12,9,16,2,1,3,1,,,,,,,,1,14,19,33
ORANGE,120,ALOMA HIGH CHARTER,11,*,*,*,*,*,*,*,*,*,*,*,*,*,*,*,*,*
ORANGE,120,ALOMA HIGH CHARTER,12,8,16,4,4,19,24,,,,,,,1,1,32,45,77
ORANGE,121,EDGEWATER HIGH,12,55,87,59,62,18,20,14,10,,,,1,6,6,152,186,338
ORANGE,122,TRANSITION CENTER,12,*,*,*,*,*,*,*,*,*,*,*,*,*,*,*,*,*
ORANGE,146,CORNERSTONE CHARTER ACADEMY HIGH SCHOOL,12,13,25,1,1,9,6,2,1,,,,,,1,25,34,59
ORANGE,202,SUNSHINE HIGH CHARTER,11,*,*,*,*,*,*,*,*,*,*,*,*,*,*,*,*,*
ORANGE,202,SUNSHINE HIGH CHARTER,12,4,8,8,11,8,7,1,3,1,,,,,2,22,31,53
ORANGE,252,OCOEE HIGH,12,67,67,86,56,35,41,20,13,1,1,4,3,3,5,216,186,402
ORANGE,661,COLONIAL HIGH,12,36,59,35,32,184,199,8,13,,,1,1,11,7,275,311,586
ORANGE,671,MAYNARD EVANS HIGH,12,5,1,174,145,21,13,3,4,,,2,,3,2,208,165,373
ORANGE,691,OAK RIDGE HIGH,12,12,20,107,91,67,64,5,4,,,1,,2,5,194,184,378
ORANGE,931,DR. PHILLIPS HIGH,12,158,140,112,99,91,81,34,33,,,,,8,7,403,360,763
ORANGE,1001,UNIVERSITY HIGH,12,90,71,32,27,140,142,28,21,1,,1,2,6,4,298,267,565
ORANGE,1311,JUVENILE DETENTION,12,*,*,*,*,*,*,*,*,*,*,*,*,*,*,*,*,*
ORANGE,1411,WINTER PARK HIGH,12,186,179,42,48,65,80,27,17,1,,1,,12,8,334,332,666
ORANGE,1511,WEST ORANGE HIGH,12,193,183,66,65,86,93,19,25,1,3,1,4,14,8,380,381,761
ORANGE,1521,APOPKA HIGH,11,*,*,*,*,*,*,*,*,*,*,*,*,*,*,*,*,*
ORANGE,1521,APOPKA HIGH,12,125,114,109,90,76,61,5,9,1,,1,3,8,6,325,283,608
ORANGE,1542,WEKIVA HIGH,11,*,*,*,*,*,*,*,*,*,*,*,*,*,*,*,*,*
ORANGE,1542,WEKIVA HIGH,12,57,54,91,70,52,46,4,5,,,,,9,6,213,181,394
ORANGE,1631,TIMBER CREEK HIGH,12,148,149,38,30,125,134,20,27,3,,1,3,20,13,355,356,711
ORANGE,1632,OLYMPIA HIGH,12,136,128,75,59,57,55,24,36,,2,2,1,10,12,304,293,597
ORANGE,1651,CYPRESS CREEK HIGH,12,38,40,41,42,152,156,31,42,1,,3,2,9,8,275,290,565
ORANGE,1662,FREEDOM HIGH,12,78,98,45,37,172,155,26,31,,,1,1,8,4,330,326,656
ORANGE,1801,EAST RIVER HIGH,12,82,72,11,23,80,83,8,8,,1,1,,3,6,185,193,378
ORANGE,1811,ACCELERATION ACADEMY,12,5,3,4,2,20,15,,1,,,,,,,29,21,50
ORANGE,1841,ACCELERATION ACADEMY WEST,12,1,2,13,10,8,5,,,,,,,,,22,17,39
ORANGE,1951,LAKE NONA HIGH,9,*,*,*,*,*,*,*,*,*,*,*,*,*,*,*,*,*
ORANGE,1951,LAKE NONA HIGH,12,84,79,23,40,122,116,12,9,1,1,1,1,7,1,250,247,497
ORANGE,5711,JONES HIGH,11,*,*,*,*,*,*,*,*,*,*,*,*,*,*,*,*,*
ORANGE,5711,JONES HIGH,12,2,1,73,60,7,4,,,,,,,1,,83,65,148
ORANGE,7004,ORANGE COUNTY VIRTUAL FRANCHISE,12,9,4,5,,2,5,1,,,,,,1,,18,9,27
OSCEOLA,81,OSCEOLA HIGH SCHOOL,12,40,49,34,35,146,144,6,7,,,,,1,5,227,240,467
OSCEOLA,151,ACCLAIM ACADEMY OF FLORIDA INC,12,,2,1,2,5,5,,,,,,,1,,7,9,16
OSCEOLA,201,ST. CLOUD HIGH SCHOOL,12,102,104,22,15,98,97,4,10,,2,1,1,3,1,230,230,460
OSCEOLA,601,GATEWAY HIGH SCHOOL,9,*,*,*,*,*,*,*,*,*,*,*,*,*,*,*,*,*
OSCEOLA,601,GATEWAY HIGH SCHOOL,12,21,27,38,27,167,165,13,3,,1,2,3,2,3,243,229,472
OSCEOLA,841,POINCIANA HIGH SCHOOL,9,*,*,*,*,*,*,*,*,*,*,*,*,*,*,*,*,*
OSCEOLA,841,POINCIANA HIGH SCHOOL,12,14,22,32,33,100,103,4,5,,,1,1,1,2,152,166,318
OSCEOLA,842,LIBERTY HIGH SCHOOL,12,21,15,42,40,119,88,6,7,,,1,,1,1,190,151,341
OSCEOLA,853,NEW DIMENSIONS HIGH SCHOOL,12,7,3,7,11,26,30,2,2,,,1,1,,,43,47,90
OSCEOLA,859,OSCEOLA REGIONAL JUVENILE COMMITMENT FACILITY,12,*,*,*,*,*,*,*,*,*,*,*,*,*,*,*,*,*
OSCEOLA,862,PROFESSIONAL & TECHNICAL HIGH SCHOOL,12,7,7,10,1,53,59,3,4,,1,2,2,,1,75,75,150
OSCEOLA,902,CELEBRATION HIGH SCHOOL,12,73,65,18,11,99,86,7,8,,,,,1,7,198,177,375
OSCEOLA,921,OSCEOLA COUNTY SCHOOL FOR THE ARTS,12,28,14,9,2,47,26,5,1,,,1,,3,2,93,45,138
OSCEOLA,922,HARMONY HIGH SCHOOL,12,142,123,13,7,54,47,4,1,,,1,2,10,4,224,184,408
OSCEOLA,959,MAVERICKS HIGH SCHOOL,9,*,*,*,*,*,*,*,*,*,*,*,*,*,*,*,*,*
OSCEOLA,959,MAVERICKS HIGH SCHOOL,11,*,*,*,*,*,*,*,*,*,*,*,*,*,*,*,*,*
OSCEOLA,959,MAVERICKS HIGH SCHOOL,12,21,6,7,6,26,66,1,3,,,1,1,,,56,82,138
OSCEOLA,7001,OSCEOLA VIRTUAL INSTRUCTION PROGRAM,12,*,*,*,*,*,*,*,*,*,*,*,*,*,*,*,*,*
OSCEOLA,7004,OSCEOLA VIRTUAL FRANCHISE (SECONDARY),11,*,*,*,*,*,*,*,*,*,*,*,*,*,*,*,*,*
OSCEOLA,7004,OSCEOLA VIRTUAL FRANCHISE (SECONDARY),12,6,2,1,,10,14,1,2,,,,,1,1,19,19,38
OSCEOLA,9003,ZENITH,12,6,9,5,10,44,45,,1,,,,1,,1,55,67,122
OSCEOLA,9036,NEW BEGINNINGS EDUCATION CENTER,12,,2,,4,2,6,,,,,,,,,2,12,14
PALM BEACH,81,JUPITER HIGH SCHOOL,12,261,243,14,10,56,54,10,9,1,,5,2,11,9,358,327,685
PALM BEACH,151,SUNCOAST COMMUNITY HIGH SCHOOL,12,53,84,34,33,38,47,26,36,,,1,,4,1,156,201,357
PALM BEACH,395,ALEXANDER W DREYFOOS JUNIOR SCHOOL OF THE ARTS,12,121,60,27,6,58,30,8,5,,,,1,8,5,222,107,329
PALM BEACH,581,FOREST HILL COMMUNITY HIGH SCHOOL,12,35,44,33,44,112,133,3,2,,,2,1,2,7,187,231,418
PALM BEACH,691,LAKE WORTH HIGH SCHOOL,12,28,38,95,90,79,71,3,3,,,1,2,8,4,214,208,422
PALM BEACH,842,TURNING POINTS ACADEMY,12,*,*,*,*,*,*,*,*,*,*,*,*,*,*,*,*,*
PALM BEACH,862,ATLANTIC HIGH SCHOOL,12,64,72,129,97,25,28,24,18,,,,,6,9,248,224,472
PALM BEACH,961,BOCA RATON COMMUNITY HIGH SCHOOL,12,197,247,43,25,77,84,15,9,,1,1,1,4,3,337,370,707
PALM BEACH,1361,JOHN I. LEONARD HIGH SCHOOL,12,49,45,63,57,152,138,6,7,1,2,1,4,5,7,277,260,537
PALM BEACH,1371,PALM BEACH GARDENS HIGH SCHOOL,12,66,79,136,104,35,41,8,13,,,1,,13,8,259,245,504
PALM BEACH,1461,INLET GROVE COMMUNITY HIGH SCHOOL,12,2,1,71,38,4,8,,2,,,1,1,,2,78,52,130
PALM BEACH,1571,SOUTH TECH ACADEMY,12,8,17,70,35,56,39,,1,,1,2,3,5,2,141,98,239
PALM BEACH,1611,SANTALUCES COMMUNITY HIGH,12,77,61,89,74,105,77,8,8,2,1,1,2,9,5,291,228,519
PALM BEACH,1681,SPANISH RIVER COMMUNITY HIGH SCHOOL,12,203,184,16,16,67,66,7,4,1,,,3,4,5,298,278,576
PALM BEACH,1771,PAHOKEE MIDDLE-SENIOR HIGH,12,,1,23,18,20,12,,,,,,,,,43,31,74
PALM BEACH,1801,ROYAL PALM SCHOOL,12,*,*,*,*,*,*,*,*,*,*,*,*,*,*,*,*,*
PALM BEACH,1851,PALM BEACH LAKES HIGH SCHOOL,12,5,3,150,110,15,23,1,4,,,2,,3,2,176,142,318
PALM BEACH,2001,PARK VISTA COMMUNITY HIGH SCHOOL,12,183,200,26,36,74,55,18,10,,,5,3,9,15,315,319,634
PALM BEACH,2181,OLYMPIC HEIGHTS COMMUNITY HIGH,12,101,117,37,38,72,63,12,12,,,4,7,6,4,232,241,473
PALM BEACH,2191,WELLINGTON HIGH SCHOOL,12,164,140,45,28,81,69,5,8,1,,1,1,6,10,303,256,559
PALM BEACH,2201,WILLIAM T. DWYER HIGH SCHOOL,12,130,119,62,62,30,37,8,4,,,,3,3,6,233,231,464
PALM BEACH,2301,GLADES CENTRAL HIGH SCHOOL,12,,2,72,46,32,13,,,,,,,2,2,106,63,169
PALM BEACH,2331,ROYAL PALM BEACH HIGH SCHOOL,12,45,62,91,85,59,73,12,8,,,1,2,9,7,217,237,454
PALM BEACH,2361,BOYNTON BEACH COMMUNITY HIGH,12,14,24,107,102,27,34,2,1,,,,1,3,1,153,163,316
PALM BEACH,2411,INDIAN RIDGE SCHOOL,12,*,*,*,*,*,*,*,*,*,*,*,*,*,*,*,*,*
PALM BEACH,2631,PALM BEACH CENTRAL HIGH SCHOOL,12,117,142,69,43,95,111,13,13,,,2,2,11,14,307,325,632
PALM BEACH,2811,VILLAGE ACADEMY ON THE ART & SARA JO KOBACKER CAMPUS,12,,,9,19,2,1,,,,,,,2,1,13,21,34
PALM BEACH,3010,PACE CENTER FOR GIRLS,12,*,*,*,*,*,*,*,*,*,*,*,*,*,*,*,*,*
PALM BEACH,3046,SOUTH AREA SECONDARY INTENSIVE TRANSITION PROGRAM,12,*,*,*,*,*,*,*,*,*,*,*,*,*,*,*,*,*
PALM BEACH,3083,RENAISSANCE LEARNING ACADEMY,12,*,*,*,*,*,*,*,*,*,*,*,*,*,*,*,*,*
PALM BEACH,3101,CROSSROADS ACADEMY,12,,,6,7,1,4,,,,,,,,,7,11,18
PALM BEACH,3251,WEST BOCA RATON HIGH SCHOOL,12,159,143,25,22,55,53,6,7,,,,2,4,6,249,233,482
PALM BEACH,3345,GULFSTREAM L.I.F.E. ACADEMY,12,*,*,*,*,*,*,*,*,*,*,*,*,*,*,*,*,*
PALM BEACH,3347,LEADERSHIP ACADEMY WEST,12,2,3,1,2,13,6,,,,,,,1,,17,11,28
PALM BEACH,3354,PALM BEACH JUVENILE CORRECTIONAL FACILITY,12,*,*,*,*,*,*,*,*,*,*,*,*,*,*,*,*,*
PALM BEACH,3355,RIVIERA BEACH PREPARATORY & ACHIEVEMENT ACADEMY,12,1,,14,14,2,1,,,,,,,,,17,15,32
PALM BEACH,3386,TOUSSAINT L'OUVERTURE HIGH,12,2,,4,9,,,,,,,,,,,6,9,15
PALM BEACH,3396,G-STAR SCHOOL OF THE ARTS,12,50,53,33,16,43,28,,,,,,1,6,1,132,99,231
PALM BEACH,3398,EVERGLADES PREPARATORY ACADEMY,12,,,7,7,,3,,,,,,,,,7,10,17
PALM BEACH,3400,BELIEVERS ACADEMY,12,*,*,*,*,*,*,*,*,*,*,*,*,*,*,*,*,*
PALM BEACH,3401,QUANTUM HIGH SCHOOL,12,5,15,6,12,6,5,,1,,,,,,1,17,34,51
PALM BEACH,3421,WORTHINGTON HIGH SCHOOL,12,*,*,*,*,*,*,*,*,*,*,*,*,*,*,*,*,*
PALM BEACH,3443,RIVIERA BEACH MARITIME ACADEMY,12,8,27,2,4,,3,,,,,,,,1,10,35,45
PALM BEACH,3861,SEMINOLE RIDGE COMMUNITY HIGH SCHOOL,12,154,174,25,38,68,81,8,9,,,1,1,5,6,261,309,570
PALM BEACH,3971,MAVERICKS HIGH SCHOOL AT PALM SPRINGS,12,14,20,22,23,28,20,,,,,1,,2,3,67,66,133
PALM BEACH,7004,PALM BEACH VIRTUAL FRANCHISE,12,11,6,,1,5,2,1,,,,,,,1,17,10,27
PASCO,31,PASCO HIGH SCHOOL,12,75,83,13,11,37,42,,1,,,,,7,3,132,140,272
PASCO,63,WESLEY CHAPEL HIGH SCHOOL,12,84,82,15,22,34,32,1,8,,,,1,9,7,143,152,295
PASCO,73,JAMES W. MITCHELL HIGH SCHOOL,12,168,162,7,4,17,19,5,5,,,2,1,6,3,205,194,399
PASCO,90,WIREGRASS RANCH HIGH SCHOOL,12,136,134,31,28,72,67,9,13,,2,1,2,10,9,259,255,514
PASCO,101,SUNLAKE HIGH SCHOOL,12,110,106,5,18,42,54,8,9,,1,1,1,10,9,176,198,374
PASCO,113,ANCLOTE HIGH SCHOOL,12,72,68,5,6,12,25,3,2,1,,,2,5,3,98,106,204
PASCO,114,FIVAY HIGH SCHOOL,12,100,97,3,2,15,25,2,2,,,1,2,10,9,131,137,268
PASCO,131,ZEPHYRHILLS HIGH SCHOOL,12,112,112,7,8,17,18,1,5,,,2,1,2,2,141,146,287
PASCO,331,GULF HIGH SCHOOL,12,93,78,4,8,20,28,4,5,1,,2,,7,8,131,127,258
PASCO,471,RIVER RIDGE HIGH SCHOOL,12,121,133,3,2,20,12,1,3,,,1,2,7,5,153,157,310
PASCO,521,HUDSON HIGH SCHOOL,12,95,82,2,1,17,11,1,1,,1,3,,3,3,121,99,220
PASCO,801,LAND O' LAKES HIGH SCHOOL,12,114,111,12,15,44,35,10,14,,,2,1,11,7,193,183,376
PASCO,931,RIDGEWOOD HIGH SCHOOL,12,79,66,5,3,25,17,1,1,,,,,7,5,117,92,209
PASCO,991,MARCHMAN TECHNICAL COLLEGE,12,*,*,*,*,*,*,*,*,*,*,*,*,*,*,*,*,*
PASCO,7004,PASCO ESCHOOL-VIRTUAL FRANCHISE,12,15,8,,1,1,,2,,,,,,2,1,20,10,30
PINELLAS,251,BAYSIDE HIGH SCHOOL,11,*,*,*,*,*,*,*,*,*,*,*,*,*,*,*,*,*
PINELLAS,251,BAYSIDE HIGH SCHOOL,12,12,22,12,10,6,4,,2,,,,,1,1,31,39,70
PINELLAS,431,BOCA CIEGA HIGH SCHOOL,11,5,1,4,2,2,,1,,,,,,,,12,3,15
PINELLAS,431,BOCA CIEGA HIGH SCHOOL,12,58,55,83,64,17,6,7,2,,1,,,5,6,170,134,304
PINELLAS,711,CLEARWATER HIGH SCHOOL,12,94,92,28,25,40,36,7,7,2,,,,5,4,176,164,340
PINELLAS,751,COUNTRYSIDE HIGH SCHOOL,11,8,2,1,1,1,1,,,,,,,,,10,4,14
PINELLAS,751,COUNTRYSIDE HIGH SCHOOL,12,123,160,14,18,30,28,12,14,,,,,8,7,187,227,414
PINELLAS,1031,DIXIE M. HOLLINS HIGH SCHOOL,11,4,3,2,,1,,,,,,,,1,,8,3,11
PINELLAS,1031,DIXIE M. HOLLINS HIGH SCHOOL,12,86,73,12,13,24,18,12,10,,1,2,,6,5,142,120,262
PINELLAS,1081,DUNEDIN HIGH SCHOOL,11,6,3,2,,1,2,1,,,,,,,,10,5,15
PINELLAS,1081,DUNEDIN HIGH SCHOOL,12,112,102,18,13,16,21,3,5,,,2,4,10,5,161,150,311
PINELLAS,1531,GIBBS HIGH SCHOOL,11,2,,7,3,,,,,,,,,,,9,3,12
PINELLAS,1531,GIBBS HIGH SCHOOL,12,34,15,79,64,7,4,2,2,,,1,,3,3,126,88,214
PINELLAS,2031,LAKEWOOD HIGH SCHOOL,11,*,*,*,*,*,*,*,*,*,*,*,*,*,*,*,*,*
PINELLAS,2031,LAKEWOOD HIGH SCHOOL,12,18,39,79,85,10,7,6,5,,,,,3,3,116,139,255
PINELLAS,2081,LARGO HIGH SCHOOL,11,*,*,*,*,*,*,*,*,*,*,*,*,*,*,*,*,*
PINELLAS,2081,LARGO HIGH SCHOOL,12,90,99,26,20,19,18,15,14,,1,2,3,5,4,157,159,316
PINELLAS,2581,NINA HARRIS ESE CENTER,12,*,*,*,*,*,*,*,*,*,*,*,*,*,*,*,*,*
PINELLAS,2641,NORTHEAST HIGH SCHOOL,11,*,*,*,*,*,*,*,*,*,*,*,*,*,*,*,*,*
PINELLAS,2641,NORTHEAST HIGH SCHOOL,12,120,121,27,42,23,21,14,10,1,1,1,2,13,4,199,201,400
PINELLAS,3031,OSCEOLA FUNDAMENTAL HIGH,11,*,*,*,*,*,*,*,*,*,*,*,*,*,*,*,*,*
PINELLAS,3031,OSCEOLA FUNDAMENTAL HIGH,12,178,150,7,9,16,12,2,1,1,,,1,6,1,210,174,384
PINELLAS,3231,RICHARD L. SANDERS SCHOOL,12,*,*,*,*,*,*,*,*,*,*,*,*,*,*,*,*,*
PINELLAS,3421,PINELLAS PARK HIGH SCHOOL,11,*,*,*,*,*,*,*,*,*,*,*,*,*,*,*,*,*
PINELLAS,3421,PINELLAS PARK HIGH SCHOOL,12,142,104,24,27,29,32,23,20,1,,,3,13,11,232,197,429
PINELLAS,3781,ST. PETERSBURG HIGH SCHOOL,11,*,*,*,*,*,*,*,*,*,*,*,*,*,*,*,*,*
PINELLAS,3781,ST. PETERSBURG HIGH SCHOOL,12,155,139,40,28,25,18,23,28,,,,2,8,7,251,222,473
PINELLAS,3921,SEMINOLE HIGH SCHOOL,11,*,*,*,*,*,*,*,*,*,*,*,*,*,*,*,*,*
PINELLAS,3921,SEMINOLE HIGH SCHOOL,12,223,146,9,10,26,16,5,2,,,1,,3,2,267,176,443
PINELLAS,4521,TARPON SPRINGS HIGH SCHOOL,11,*,*,*,*,*,*,*,*,*,*,*,*,*,*,*,*,*
PINELLAS,4521,TARPON SPRINGS HIGH SCHOOL,12,124,104,12,7,22,12,4,3,,,,,8,5,170,131,301
PINELLAS,4681,PALM HARBOR UNIVERSITY HIGH,11,7,5,,,1,,1,,,,,,,,9,5,14
PINELLAS,4681,PALM HARBOR UNIVERSITY HIGH,12,269,228,8,4,36,12,12,17,,,2,2,9,3,336,266,602
PINELLAS,6181,EAST LAKE HIGH SCHOOL,10,*,*,*,*,*,*,*,*,*,*,*,*,*,*,*,*,*
PINELLAS,6181,EAST LAKE HIGH SCHOOL,11,7,1,2,,1,1,1,,,,,,1,,12,2,14
PINELLAS,6181,EAST LAKE HIGH SCHOOL,12,177,223,4,10,24,27,8,10,,,1,,4,5,218,275,493
PINELLAS,6371,PINELLAS GULF COAST ACADEMY,11,6,5,2,1,2,,,,,,,,,,10,6,16
PINELLAS,6371,PINELLAS GULF COAST ACADEMY,12,4,12,3,3,4,4,,2,,,1,,,2,12,23,35
PINELLAS,7051,PINELLAS TELESCHOOL,12,*,*,*,*,*,*,*,*,*,*,*,*,*,*,*,*,*
PINELLAS,7071,DROPOUT PREVENTION SCHOOL,12,*,*,*,*,*,*,*,*,*,*,*,*,*,*,*,*,*
PINELLAS,7073,EYES-E-NINI-HASSEE CAMP,12,*,*,*,*,*,*,*,*,*,*,*,*,*,*,*,*,*
PINELLAS,7191,ST. PETERSBURG COLLEGIATE HIGH SCHOOL,12,38,15,4,2,2,5,6,3,2,,1,,2,,55,25,80
PINELLAS,7371,NEWPOINT CHARTER SCHOOL,12,7,8,1,,1,3,,,,,,,,1,9,12,21
PINELLAS,7491,PINELLAS MYCROSCHOOL OF INTEGRATED ACADEMICS AND TECHNOLOGIES (MYCROSCHOOL PINELLAS),11,*,*,*,*,*,*,*,*,*,*,*,*,*,*,*,*,*
PINELLAS,7491,PINELLAS MYCROSCHOOL OF INTEGRATED ACADEMICS AND TECHNOLOGIES (MYCROSCHOOL PINELLAS),12,8,19,17,14,3,3,,1,,,,,,,28,37,65
PINELLAS,7731,ENTERPRISE CHARTER HIGH SCHOOL,11,*,*,*,*,*,*,*,*,*,*,*,*,*,*,*,*,*
PINELLAS,7731,ENTERPRISE CHARTER HIGH SCHOOL,12,20,28,6,6,3,4,,1,,,1,,1,2,31,41,72
PINELLAS,8015,EWES-ECKERD YOUTH CHALLENGE,11,*,*,*,*,*,*,*,*,*,*,*,*,*,*,*,*,*
PINELLAS,8015,EWES-ECKERD YOUTH CHALLENGE,12,*,*,*,*,*,*,*,*,*,*,*,*,*,*,*,*,*
POLK,31,LAKELAND SENIOR HIGH SCHOOL,12,117,97,42,33,36,31,2,2,,1,1,1,13,7,211,172,383
POLK,481,WINTER HAVEN SENIOR HIGH SCHOOL,12,65,70,50,46,39,24,3,2,2,,1,1,4,3,164,146,310
POLK,791,FORT MEADE MIDDLE/SENIOR HIGH SCHOOL,12,12,16,4,5,15,13,,,,,,,1,3,32,37,69
POLK,811,AUBURNDALE SENIOR HIGH SCHOOL,12,87,98,19,17,22,27,1,,,1,2,1,4,4,135,148,283
POLK,901,BARTOW SENIOR HIGH SCHOOL,12,86,112,29,25,39,34,7,8,,,,,9,10,170,189,359
POLK,916,DAVENPORT COMMUNITY CAMPUS,12,5,4,1,2,1,2,,,,,,,,,7,8,15
POLK,937,RIDGE COMMUNITY HIGH SCHOOL,12,80,63,35,39,107,91,7,3,,,1,1,5,4,235,201,436
POLK,1051,TENOROC HIGH SCHOOL,12,51,40,11,13,29,16,,,,,1,1,4,2,96,72,168
POLK,1131,MULBERRY SENIOR HIGH SCHOOL,11,*,*,*,*,*,*,*,*,*,*,*,*,*,*,*,*,*
POLK,1131,MULBERRY SENIOR HIGH SCHOOL,12,55,40,9,10,26,25,1,1,,,1,,,1,92,77,169
POLK,1181,KATHLEEN SENIOR HIGH SCHOOL,12,62,86,58,40,44,33,1,,,,2,3,2,2,169,164,333
POLK,1491,GAUSE ACADEMY OF LEADERSHIP,12,*,*,*,*,*,*,*,*,*,*,*,*,*,*,*,*,*
POLK,1591,MAYNARD A. TRAVISS CAREER CENTER,12,*,*,*,*,*,*,*,*,*,*,*,*,*,*,*,*,*
POLK,1671,MCKEEL ACADEMY OF TECHNOLOGY,12,61,48,7,9,13,12,3,4,1,,1,,5,,91,73,164
POLK,1691,RIDGE CAREER CENTER,12,*,*,*,*,*,*,*,*,*,*,*,*,*,*,*,*,*
POLK,1721,LAKE WALES SENIOR HIGH SCHOOL,12,70,65,33,35,20,25,5,4,,,1,,6,3,135,132,267
POLK,1762,LAKE GIBSON SENIOR HIGH SCHOOL,11,*,*,*,*,*,*,*,*,*,*,*,*,*,*,*,*,*
POLK,1762,LAKE GIBSON SENIOR HIGH SCHOOL,12,105,92,29,33,28,32,3,1,,,,,10,2,175,160,335
POLK,1791,HAINES CITY SENIOR HIGH SCHOOL,12,40,27,51,47,108,74,7,8,,,3,1,8,3,217,160,377
POLK,1801,FROSTPROOF MIDDLE/SENIOR HIGH,12,27,36,5,9,16,7,,,,,,,,1,48,53,101
POLK,1931,GEORGE W. JENKINS SENIOR HIGH,11,5,3,1,,,2,,,,,,,,,6,5,11
POLK,1931,GEORGE W. JENKINS SENIOR HIGH,12,147,135,29,17,47,45,5,11,,,,4,10,7,238,219,457
POLK,1991,LAKE REGION HIGH SCHOOL,11,*,*,*,*,*,*,*,*,*,*,*,*,*,*,*,*,*
POLK,1991,LAKE REGION HIGH SCHOOL,12,69,60,29,22,50,36,4,4,1,,3,1,4,7,160,130,290
POLK,2001,BILL DUNCAN OPPORTUNITY CENTER,12,*,*,*,*,*,*,*,*,*,*,*,*,*,*,*,*,*
POLK,7023,POLK FULL TIME ESCHOOL,12,*,*,*,*,*,*,*,*,*,*,*,*,*,*,*,*,*
POLK,8003,POLK STATE LAKELAND GATEWAY TO COLLEGE CHARTER HIGH SCHOOL,12,,4,6,3,2,1,,,,,,,1,,9,8,17
POLK,8004,NEW BEGINNINGS HIGH SCHOOL,12,6,3,7,6,6,5,,,,,,,3,1,22,15,37
POLK,8131,POLK STATE COLLEGE COLLEGIATE HIGH SCHOOL,12,59,30,14,3,17,10,4,3,,,,,3,,97,46,143
POLK,8133,CHAIN OF LAKES COLLEGIATE HIGH,12,54,40,9,4,13,11,2,4,,,3,2,3,4,84,65,149
POLK,9003,HOSPITAL HOMEBOUND,12,*,*,*,*,*,*,*,*,*,*,*,*,*,*,*,*,*
POLK,9205,RIDGE TEEN PARENT PROGRAM,12,*,*,*,*,*,*,*,*,*,*,*,*,*,*,*,*,*
POLK,9225,PACE CENTER FOR GIRLS,12,*,*,*,*,*,*,*,*,*,*,*,*,*,*,*,*,*
PUTNAM,112,INTERLACHEN HIGH SCHOOL,12,40,43,6,8,4,5,1,,1,,,2,1,1,53,59,112
PUTNAM,261,CRESCENT CITY JUNIOR/SENIOR HIGH SCHOOL,12,15,16,9,8,13,10,,,,,,,1,,38,34,72
PUTNAM,301,PALATKA HIGH SCHOOL,10,*,*,*,*,*,*,*,*,*,*,*,*,*,*,*,*,*
PUTNAM,301,PALATKA HIGH SCHOOL,11,*,*,*,*,*,*,*,*,*,*,*,*,*,*,*,*,*
PUTNAM,301,PALATKA HIGH SCHOOL,12,70,55,32,32,4,5,2,,,,1,,2,,111,92,203
PUTNAM,7004,PUTNAM VIRTUAL FRANCHISE,12,*,*,*,*,*,*,*,*,*,*,*,*,*,*,*,*,*
ST. JOHNS,33,ST. JOHNS TECHNICAL HIGH SCHOOL,12,9,19,2,2,1,,,1,,,,,,,12,22,34
ST. JOHNS,181,ST. AUGUSTINE HIGH SCHOOL,11,*,*,*,*,*,*,*,*,*,*,*,*,*,*,*,*,*
ST. JOHNS,181,ST. AUGUSTINE HIGH SCHOOL,12,139,144,22,29,19,12,5,5,,1,,,2,2,187,193,380
ST. JOHNS,251,ALLEN D NEASE SENIOR HIGH SCHOOL,12,146,143,9,10,16,20,11,10,1,,,,5,3,188,186,374
ST. JOHNS,401,PEDRO MENENDEZ HIGH SCHOOL,12,133,112,7,12,10,5,4,1,,,,1,2,2,156,133,289
ST. JOHNS,411,BARTRAM TRAIL HIGH SCHOOL,12,188,171,17,11,25,10,8,8,,,,,4,3,242,203,445
ST. JOHNS,421,HASTINGS JUVENILE CORRECTIONAL,12,*,*,*,*,*,*,*,*,*,*,*,*,*,*,*,*,*
ST. JOHNS,492,PONTE VEDRA HIGH SCHOOL,12,142,158,1,5,4,14,7,7,,,1,,1,1,156,185,341
ST. JOHNS,493,CREEKSIDE HIGH SCHOOL,12,179,179,13,13,25,18,3,9,1,1,,1,4,,225,221,446
ST. JOHNS,7004,ST. JOHNS VIRTUAL FRANCHISE,12,8,5,,,2,1,,,,,,,,,10,6,16
ST. LUCIE,121,LINCOLN PARK ACADEMY,12,47,59,24,23,17,17,11,8,,,,1,3,,102,108,210
ST. LUCIE,161,FORT PIERCE CENTRAL HIGH SCHOOL,12,94,84,98,76,68,65,3,4,,,1,,9,8,273,237,510
ST. LUCIE,162,PERFORMANCE BASED PREPARATORY ACADEMY,12,6,4,5,6,1,7,,,,,,,1,1,13,18,31
ST. LUCIE,201,FORT PIERCE WESTWOOD HIGH SCHOOL,12,49,30,50,26,10,15,1,1,,,,1,1,3,111,76,187
ST. LUCIE,301,PORT ST. LUCIE HIGH SCHOOL,11,*,*,*,*,*,*,*,*,*,*,*,*,*,*,*,*,*
ST. LUCIE,301,PORT ST. LUCIE HIGH SCHOOL,12,84,96,27,30,28,39,2,3,,,3,,2,4,146,172,318
ST. LUCIE,401,ST. LUCIE WEST CENTENNIAL HIGH,12,142,109,51,39,65,79,6,3,1,,,1,7,7,272,238,510
ST. LUCIE,411,TREASURE COAST HIGH SCHOOL,12,107,105,88,68,90,73,4,3,,1,,1,5,2,294,253,547
ST. LUCIE,7001,ST. LUCIE VIRTUAL INSTRUCTION PROGRAM,12,*,*,*,*,*,*,*,*,*,*,*,*,*,*,*,*,*
ST. LUCIE,7023,MOSAIC DIGITAL ACADEMY,12,8,5,2,,3,1,,,,,,,,,13,6,19
SANTA ROSA,21,CENTRAL SCHOOL,12,21,26,,,,,,,,,,2,1,2,22,30,52
SANTA ROSA,103,GULF BREEZE HIGH SCHOOL,12,152,152,1,2,9,10,1,5,,,,,12,8,175,177,352
SANTA ROSA,141,JAY HIGH SCHOOL,12,35,21,,,,2,,,,,,1,1,,36,24,60
SANTA ROSA,151,MILTON HIGH SCHOOL,12,153,118,17,21,5,3,3,4,1,,1,,12,13,192,159,351
SANTA ROSA,152,SANTA ROSA ADULT SCHOOL,11,*,*,*,*,*,*,*,*,*,*,*,*,*,*,*,*,*
SANTA ROSA,152,SANTA ROSA ADULT SCHOOL,12,9,8,1,1,1,1,,,,1,,,,,11,11,22
SANTA ROSA,182,PACE HIGH SCHOOL,12,188,155,5,3,6,7,4,5,,,2,1,11,9,216,180,396
SANTA ROSA,351,NAVARRE HIGH SCHOOL,12,163,145,8,9,29,16,5,4,,1,1,2,19,15,225,192,417
SANTA ROSA,7004,SANTA ROSA VIRTUAL FRANCHISE,12,9,4,1,,1,,,,,,1,,,,12,4,16
SANTA ROSA,8001,LEARNING ACADEMY OF SANTA ROSA,12,4,14,1,4,,,,,,,,,1,1,6,19,25
SANTA ROSA,9060,BERRYHILL ADMINISTRATIVE COMPLEX,12,*,*,*,*,*,*,*,*,*,*,*,*,*,*,*,*,*
SARASOTA,21,PINE VIEW SCHOOL,12,98,69,4,1,7,11,12,9,,,,,11,9,132,99,231
SARASOTA,51,SARASOTA HIGH SCHOOL,11,*,*,*,*,*,*,*,*,*,*,*,*,*,*,*,*,*
SARASOTA,51,SARASOTA HIGH SCHOOL,12,115,132,26,13,48,51,4,10,,,,,7,8,200,214,414
SARASOTA,74,SARASOTA MILITARY ACADEMY,12,67,112,8,4,12,17,2,3,,,3,,3,4,95,140,235
SARASOTA,85,BOOKER HIGH SCHOOL,11,*,*,*,*,*,*,*,*,*,*,*,*,*,*,*,*,*
SARASOTA,85,BOOKER HIGH SCHOOL,12,50,27,32,23,29,29,2,,,,,,4,,117,79,196
SARASOTA,103,IMAGINE SCHOOL AT NORTH PORT,12,9,18,,1,1,4,,,,,,,1,1,11,24,35
SARASOTA,181,RIVERVIEW HIGH SCHOOL,11,1,7,,,2,,,,,,,,,,3,7,10
SARASOTA,181,RIVERVIEW HIGH SCHOOL,12,220,187,20,13,42,31,8,11,1,,2,,14,9,307,251,558
SARASOTA,221,VENICE SENIOR HIGH SCHOOL,11,*,*,*,*,*,*,*,*,*,*,*,*,*,*,*,*,*
SARASOTA,221,VENICE SENIOR HIGH SCHOOL,12,142,171,4,4,8,15,3,2,,,3,,4,8,164,200,364
SARASOTA,292,ESE SPECIAL PROGRAMS,12,*,*,*,*,*,*,*,*,*,*,*,*,*,*,*,*,*
SARASOTA,293,OAK PARK SCHOOL,12,*,*,*,*,*,*,*,*,*,*,*,*,*,*,*,*,*
SARASOTA,294,TRIAD,12,*,*,*,*,*,*,*,*,*,*,*,*,*,*,*,*,*
SARASOTA,1251,NORTH PORT HIGH SCHOOL,11,*,*,*,*,*,*,*,*,*,*,*,*,*,*,*,*,*
SARASOTA,1251,NORTH PORT HIGH SCHOOL,12,188,136,12,23,29,33,5,3,,,1,,7,12,242,207,449
SARASOTA,1391,SUNCOAST POLYTECHNICAL HIGH SCHOOL,12,35,41,4,1,8,13,3,2,,,,,1,6,51,63,114
SARASOTA,7001,SARASOTA VIRTUAL INSTRUCTION PROGRAM,12,*,*,*,*,*,*,*,*,*,*,*,*,*,*,*,*,*
SEMINOLE,71,LAKE MARY HIGH SCHOOL,12,183,185,37,30,75,70,15,15,3,,1,3,3,9,317,312,629
SEMINOLE,181,SEMINOLE HIGH SCHOOL,11,*,*,*,*,*,*,*,*,*,*,*,*,*,*,*,*,*
SEMINOLE,181,SEMINOLE HIGH SCHOOL,12,143,138,75,52,66,48,36,32,,1,1,1,18,13,339,285,624
SEMINOLE,251,CROOMS ACADEMY OF INFORMATION TECHNOLOGY,11,*,*,*,*,*,*,*,*,*,*,*,*,*,*,*,*,*
SEMINOLE,251,CROOMS ACADEMY OF INFORMATION TECHNOLOGY,12,16,66,12,11,15,20,2,5,,,,,,1,45,103,148
SEMINOLE,421,OVIEDO HIGH SCHOOL,11,*,*,*,*,*,*,*,*,*,*,*,*,*,*,*,*,*
SEMINOLE,421,OVIEDO HIGH SCHOOL,12,205,202,27,20,44,39,8,7,,,2,1,10,3,296,272,568
SEMINOLE,431,LYMAN HIGH SCHOOL,12,121,165,50,48,51,68,11,5,,,1,,8,7,242,293,535
SEMINOLE,491,LAKE BRANTLEY HIGH SCHOOL,10,*,*,*,*,*,*,*,*,*,*,*,*,*,*,*,*,*
SEMINOLE,491,LAKE BRANTLEY HIGH SCHOOL,11,*,*,*,*,*,*,*,*,*,*,*,*,*,*,*,*,*
SEMINOLE,491,LAKE BRANTLEY HIGH SCHOOL,12,193,179,24,22,67,63,12,14,,,,,6,6,302,284,586
SEMINOLE,551,LAKE HOWELL HIGH SCHOOL,11,*,*,*,*,*,*,*,*,*,*,*,*,*,*,*,*,*
SEMINOLE,551,LAKE HOWELL HIGH SCHOOL,12,123,129,18,16,69,86,14,9,1,1,,1,4,6,229,248,477
SEMINOLE,571,JOURNEYS ACADEMY,12,*,*,*,*,*,*,*,*,*,*,*,*,*,*,*,*,*
SEMINOLE,911,WINTER SPRINGS HIGH SCHOOL,11,*,*,*,*,*,*,*,*,*,*,*,*,*,*,*,*,*
SEMINOLE,911,WINTER SPRINGS HIGH SCHOOL,12,142,149,35,25,47,56,2,6,,,,1,6,5,232,242,474
SEMINOLE,931,HAGERTY HIGH SCHOOL,12,188,190,14,14,37,48,13,7,,,1,,4,5,257,264,521
SEMINOLE,7004,SEMINOLE COUNTY VIRTUAL FRANCHISE (SCVS),12,11,16,3,1,2,2,1,1,,,,,1,,18,20,38
SUMTER,161,WILDWOOD MIDDLE/ HIGH SCHOOL,12,21,24,8,13,2,8,1,,,,,,2,,34,45,79
SUMTER,171,SOUTH SUMTER HIGH SCHOOL,12,82,88,7,6,20,15,,,,,,,3,2,112,111,223
SUMTER,2001,VILLAGES CHARTER SCHOOL,12,71,55,2,1,9,5,3,2,1,,,,3,2,89,65,154
SUMTER,3001,SUMTER ALTERNATIVES,12,*,*,*,*,*,*,*,*,*,*,*,*,*,*,*,*,*
SUWANNEE,43,SUWANNEE HIGH SCHOOL,12,76,81,11,16,12,12,1,2,,,1,,4,4,105,115,220
SUWANNEE,91,BRANFORD HIGH SCHOOL,12,37,28,1,,,1,,,,,,,,,38,29,67
SUWANNEE,7023,SUWANNEE VIRTUAL SCHOOL,12,*,*,*,*,*,*,*,*,*,*,*,*,*,*,*,*,*
TAYLOR,131,TAYLOR TECHNICAL INSTITUTE,12,3,7,,1,,1,,,,,,,,,3,9,12
TAYLOR,161,TAYLOR COUNTY HIGH SCHOOL,12,46,28,11,12,1,2,,1,,,,,1,,59,43,102
UNION,21,UNION COUNTY HIGH SCHOOL,12,51,54,10,6,2,3,,1,,1,,,1,6,64,71,135
UNION,2021,THE OUTPOST,12,*,*,*,*,*,*,*,*,*,*,*,*,*,*,*,*,*
UNION,7021,UNION JUVENILE RESIDENTIAL FACILITY-THREE SPRINGS,12,*,*,*,*,*,*,*,*,*,*,*,*,*,*,*,*,*
VOLUSIA,1453,DELAND HIGH SCHOOL,11,*,*,*,*,*,*,*,*,*,*,*,*,*,*,*,*,*
VOLUSIA,1453,DELAND HIGH SCHOOL,12,160,136,23,18,28,15,9,6,,,1,,5,3,226,178,404
VOLUSIA,1551,UNIVERSITY HIGH SCHOOL,12,169,179,31,25,76,62,4,3,,,1,2,9,9,290,280,570
VOLUSIA,3436,MAINLAND HIGH SCHOOL,11,*,*,*,*,*,*,*,*,*,*,*,*,*,*,*,*,*
VOLUSIA,3436,MAINLAND HIGH SCHOOL,12,87,75,71,58,12,7,2,1,1,,,,8,3,181,144,325
VOLUSIA,3839,NEW SMYRNA BEACH HIGH SCHOOL,11,*,*,*,*,*,*,*,*,*,*,*,*,*,*,*,*,*
VOLUSIA,3839,NEW SMYRNA BEACH HIGH SCHOOL,12,155,156,11,11,10,10,3,1,,,3,1,8,10,190,189,379
VOLUSIA,4436,SPRUCE CREEK HIGH SCHOOL,12,222,238,29,15,17,18,21,17,1,,1,,8,4,299,292,591
VOLUSIA,4941,ATLANTIC HIGH SCHOOL,12,66,69,21,12,5,8,1,3,,,,,8,6,101,98,199
VOLUSIA,5836,SEABREEZE HIGH SCHOOL,12,145,134,20,16,12,12,2,4,,,1,,,1,180,167,347
VOLUSIA,6633,T. DEWITT TAYLOR MIDDLE-HIGH SCHOOL,12,28,16,1,,30,35,1,,,,,,1,,61,51,112
VOLUSIA,6761,DELTONA HIGH SCHOOL,12,74,64,21,18,80,53,3,3,,,,1,5,6,183,145,328
VOLUSIA,6881,PINE RIDGE HIGH SCHOOL,12,89,82,19,16,43,45,1,1,1,,1,,6,2,160,146,306
VOLUSIA,7891,RICHARD MILBURN ACADEMY,12,12,4,12,8,4,1,,,,,,,1,,29,13,42
WAKULLA,21,SECOND CHANCE SCHOOL-SOPCHOPPY EDUCATION CENTER,12,*,*,*,*,*,*,*,*,*,*,*,*,*,*,*,*,*
WAKULLA,22,ALTERNATIVE HIGH SCHOOL PROGRAM,12,*,*,*,*,*,*,*,*,*,*,*,*,*,*,*,*,*
WAKULLA,71,WAKULLA HIGH SCHOOL,12,94,120,16,12,5,1,2,1,,,2,1,5,9,124,144,268
WALTON,101,PAXTON SCHOOL,12,16,21,1,1,,,,,,,,,,1,17,23,40
WALTON,141,FREEPORT SENIOR HIGH SCHOOL,12,36,33,,,2,2,,1,,,,,1,2,39,38,77
WALTON,153,SOUTH WALTON HIGH SCHOOL,12,55,46,2,,7,9,1,2,,1,,2,4,1,69,61,130
WALTON,271,WALTON HIGH SCHOOL,12,51,49,6,12,3,4,,1,,,,,,1,60,67,127
WALTON,1111,"WALTON ACADEMY, INC.",12,5,7,,,,1,,,,,,,,1,5,9,14
WALTON,2021,WALTON LEARNING CENTER,11,*,*,*,*,*,*,*,*,*,*,*,*,*,*,*,*,*
WALTON,7004,WALTON VIRTUAL FRANCHISE,12,*,*,*,*,*,*,*,*,*,*,*,*,*,*,*,*,*
WASHINGTON,21,CHIPLEY HIGH SCHOOL,12,42,29,15,6,1,1,,,,,,,1,2,59,38,97
WASHINGTON,51,VERNON HIGH SCHOOL,12,33,27,6,11,,,,,,,,,1,,40,38,78
WASHINGTON,152,WASHINGTON INSTITUTE FOR SPECIALIZED EDUCATION,12,3,5,4,3,,,,,,,,,,,7,8,15
DEAF/BLIND,13,DEAF HIGH SCHOOL (FSDB),12,10,5,1,1,1,1,,,,,,,,,12,7,19
DEAF/BLIND,16,BLIND HIGH SCHOOL (FSDB),12,2,7,,3,1,2,1,,,,,,,1,4,13,17
WASH SPECIAL,11,OKEECHOBEE YOUTH DEVELOPMENT CENTER,12,*,*,*,*,*,*,*,*,*,*,*,*,*,*,*,*,*
FL VIRTUAL,400,FLVS FULL-TIME 9-12,11,*,*,*,*,*,*,*,*,*,*,*,*,*,*,*,*,*
FL VIRTUAL,400,FLVS FULL-TIME 9-12,12,159,107,22,12,63,34,5,3,2,,1,,14,4,266,160,426
FAU LAB SCH,11,A.D. HENDERSON UNIVERSITY SCHOOL & FAU HIGH SCHOOL,12,16,16,6,1,10,15,1,5,,1,,,3,1,36,39,75
FSU LAB SCH,341,FLORIDA STATE UNIVERSITY SCHOOL,12,38,27,25,20,8,9,1,2,,,,,4,5,76,63,139
FAMU LAB SCH,351,FLORIDA A&M UNIVERSITY DEVELOPMENTAL RESEARCH SCHOOL,11,*,*,*,*,*,*,*,*,*,*,*,*,*,*,*,*,*
FAMU LAB SCH,351,FLORIDA A&M UNIVERSITY DEVELOPMENTAL RESEARCH SCHOOL,12,1,1,18,12,,,,,,,,,,,19,13,32
UF LAB SCH,391,P.K. YONGE DEVELOPMENTAL RESEARCH SCHOOL,12,31,25,11,13,10,12,4,,,,,,4,2,60,52,112
UF LAB SCH,391,P.K. YONGE DEVELOPMENTAL RESEARCH SCHOOL,,*,*,*,*,*,*,*,*,*,*,*,*,*,*,*,*,*